n =,Name,Gender,Id Numbers,Access Count
1,Huong Vu,Female,Empl ID: 005062059 ,9
2,Priya Woods,Female,Empl ID: 005845319 ,1
3,Latoya Harrison,Female,Empl ID: 005420580 ,16
4,Maria Patterson,Female,Empl ID: 005730948 ,22
5,Neha Park,Female,Empl ID: 005405176 ,1
6,Brianna Herrera,Female,Empl ID: 005930471 ,1
7,Jamal Zhou,Male,Empl ID: 005569418 ,7
8,Jennifer Lewis,Female,Empl ID: 005488382 ,3
9,Mai Johnson,Female,Empl ID: 005807776 ,5
10,Maria Wallace,Female,Empl ID: 005550121 ,2
11,Huong Huang,Female,Empl ID: 005075655 ,20
12,Shreya Jackson,Female,Empl ID: 003349224 ,17
13,Katerina Gutierrez,Female,Empl ID: 005829246 ,6
14,Isabella Wallace,Female,Empl ID: 005444831 ,28
15,David Gonzalez,Male,Empl ID: 005647195 ,11
16,Hector Wood,Male,Empl ID: 005132366 ,2
17,Emmanuel Lopez,Male,Empl ID: 005393946 ,9
18,Tuan Herrera,Male,Empl ID: 005277472 ,1
19,Miguel Rice,Male,Empl ID: 005727385 ,20
20,Juan Hunt,Male,Empl ID: 005476436 ,5
21,Jennifer Peterson,Female,Empl ID: 005747014 ,4
22,Derek Smith,Male,Empl ID: 005157129 ,2
23,Erica Scott,Female,Empl ID: 005201944 ,32
24,Jessica Garcia,Female,Empl ID: 005644915 ,4
25,Ming Collins,Male,Empl ID: 005558420 ,3
26,Rylee Fox,Female,Empl ID: 005353166 ,3
27,Aaron James,Male,Empl ID: 005973169 ,12
28,Jason Ochoa,Male,Empl ID: 005533848 ,9
29,Tyler Aguilar,Male,Empl ID: 005659299 ,10
30,Elijah Potter,Male,Empl ID: 005991807 ,10
31,Crystal Fox,Female,Empl ID: 005430736 ,123
32,Hassan Perez,Male,Empl ID: 005320992 ,3
33,Brian McDonald,Male,Empl ID: 005713578 ,3
34,Samuel King,Male,Empl ID: 005394541 ,2
35,Christopher Gutierrez,Male,Empl ID: 005069125 ,13
36,Neha Reed,Female,Empl ID: 005880707 ,28
37,Adam Miller,Male,Empl ID: 005039314 ,5
38,Lisa Aguilar,Female,Empl ID: 005994055 ,2
39,Yasmin Anderson,Female,Empl ID: 005740915 ,2
40,Sunita Owens,Female,Empl ID: 005678061 ,14
41,Vanessa West,Female,Empl ID: 005357698 ,16
42,Sandra Hoang,Female,Empl ID: 005941698 ,12
43,Elijah Baker,Male,Empl ID: 005978891 ,2
44,Omar Morgan,Male,Empl ID: 005183391 ,8
45,Brenda Patel,Female,Empl ID: 005514150 ,7
46,Andrew Chen,Male,Empl ID: 005455683 ,8
47,Felix Gupta,Male,Empl ID: 005785041 ,19
48,Jason Campbell,Male,Empl ID: 005942003 ,8
49,Olivia Wilson,Female,Empl ID: 005104960 ,15
50,Tanisha Rice,Female,Empl ID: 005385766 ,6
51,Sunita Williams,Female,Empl ID: 005359884 ,8
52,Jamal Howard,Male,Empl ID: 005014414 ,14
53,William White,Male,Empl ID: 005734316 ,1
54,Wei Mendoza,Male,Empl ID: 005847345 ,3
55,Fatima Peterson,Female,Empl ID: 005557602 ,3
56,Katerina Rivera,Female,Empl ID: 005589196 ,2
57,Jayden Foster,Male,Empl ID: 005597199 ,4
58,Latoya Morgan,Female,Empl ID: 005979902 ,48
59,Marian Perez,Female,Empl ID: 005111505 ,2
60,Malik Joshi,Male,Empl ID: 005975425 ,22
61,Leila Davis,Female,Empl ID: 005704674 ,1
62,Heather Brooks,Female,Empl ID: 005788762 ,3
63,Elijah Lewis,Male,Empl ID: 005910954 ,7
64,James Bryant,Male,Empl ID: 005993764 ,13
65,Trevor Ibarra,Male,Empl ID: 005894128 ,15
66,Lauren Davis,Female,Empl ID: 005065004 ,17
67,Yolanda Hall,Female,Empl ID: 005340359 ,3
68,Camila Taylor,Female,Empl ID: 005086278 ,3
69,Darius Cervantes,Male,Empl ID: 005166068 ,19
70,Aaron Adams,Male,Empl ID: 005878109 ,4
71,Mia Ochoa,Female,Empl ID: 003108698 ,1
72,Nicholas Dixon,Male,Empl ID: 005689917 ,1
73,Hana Marshall,Female,Empl ID: 003421165 ,1
74,Daniela Patterson,Female,Empl ID: 005418701 ,11
75,David Henderson,Male,Empl ID: 005765006 ,7
76,Ryan Carr,Male,Empl ID: 005413071 ,15
77,Yesenia Yee,Female,Empl ID: 005268541 ,3
78,Camila Harris,Female,Empl ID: 005562649 ,7
79,Juan Shah,Male,Empl ID: 005941191 ,14
80,Jose Jackson,Male,Empl ID: 005764694 ,4
81,Arjun Morales,Male,Empl ID: 005639024 ,11
82,Kevin Ortiz,Male,Empl ID: 005355756 ,2
83,Veronica Lewis,Female,Empl ID: 005351456 ,3
84,Chukwu Mehta,Male,Empl ID: 005581985 ,3
85,Maria West,Female,Empl ID: 005583401 ,1
86,Vikram Murray,Male,Empl ID: 005025341 ,11
87,Brian Griffin,Male,Empl ID: 003487843 ,3
88,Aaron Murphy,Male,Empl ID: 005535909 ,6
89,Tamara King,Female,Empl ID: 005177396 ,11
90,Malik Torres,Male,Empl ID: 005417148 ,11
91,Taylor Allen,Female,Empl ID: 005896154 ,14
92,Thomas Garcia,Male,Empl ID: 005044491 ,5
93,Aaron Rice,Male,Empl ID: 003621214 ,3
94,Anita Sharma,Female,Empl ID: 005228886 ,5
95,Latoya Brooks,Female,Empl ID: 005607375 ,1
96,Kwame Freeman,Male,Empl ID: 005576835 ,1
97,Karen Cook,Female,Empl ID: 005335485 ,1
98,Devin Do,Male,Empl ID: 005663103 ,1
99,Justin Hernandez,Male,Empl ID: 005644315 ,10
100,Peter Cox,Male,Empl ID: 005567986 ,1
101,Felix Ford,Male,Empl ID: 005572967 ,3
102,Amanda Brown,Female,Empl ID: 005846596 ,36
103,Michelle Soto,Female,Empl ID: 005879763 ,3
104,Jonathan Giacovoni,Male,Empl ID: 005948984 ,16
105,Rebecca Hoang,Female,Empl ID: 005602558 ,1
106,Erica Harrison,Female,Empl ID: 003039031 ,4
107,Neha Coleman,Female,Empl ID: 005087738 ,1
108,Khaled Ramirez,Male,Empl ID: 005284095 ,3
109,Lucia Zulmai,Female,Empl ID: 005686622 ,19
110,Gabriela Scott,Female,Empl ID: 005927543 ,1
111,Ethan Carr,Male,Empl ID: 005606347 ,10
112,Lucia Cervantes,Female,Empl ID: 005745115 ,8
113,Priya Barnes,Not Set,Empl ID: 005034924 ,2
114,David Walker,Male,Empl ID: 005325034 ,1
115,Emma Robinson,Female,Empl ID: 005899755 ,6
116,Joseph Fox,Male,Empl ID: 005538935 ,3
117,Nicole Morgan,Female,Empl ID: 005028223 ,8
118,Joseph Rose,Male,Empl ID: 005052757 ,6
119,Sanjay Zhou,Male,Empl ID: 005562869 ,56
120,Sierra Liu,Female,Empl ID: 005314639 ,4
121,Elena Bui,Female,Empl ID: 003997120 ,1
122,Liam Macias,Male,Empl ID: 005257300 ,7
123,Tristan Pham,Male,Empl ID: 005864293 ,8
124,Jason Dang,Male,Empl ID: 003214810 ,39
125,Maria Wu,Female,Empl ID: 005445748 ,18
126,Jason Nelson,Male,Empl ID: 005948632 ,9
127,Aaron De La Torre,Male,Empl ID: 003448711 ,46
128,Steven Johnson,Male,Empl ID: 005009180 ,1
129,Kendrick Powell,Male,Empl ID: 005052568 ,2
130,Samuel Dixon,Male,Empl ID: 005418798 ,1
131,Brandon Hunter,Male,Empl ID: 005969903 ,3
132,Samantha Mitchell,Female,Empl ID: 005162254 ,1
133,Ravi Garcia,Male,Empl ID: 003733071 ,14
134,Leila Henderson,Female,Empl ID: 005831815 ,4
135,Huy Smith,Male,Empl ID: 005017519 ,1
136,Yusuf Moore,Male,Empl ID: 005553158 ,1
137,Keisha Nair,Female,Empl ID: 005127045 ,9
138,William Watson,Male,Empl ID: 005100512 ,19
139,Yasmin Carter,Female,Empl ID: 005155376 ,99
140,Neha Sanchez,Female,Empl ID: 005791495 ,192
141,Gabriel West,Male,Empl ID: 005449078 ,10
142,Anthony Sanders,Male,Empl ID: 005392161 ,1
143,Alexis Warren,Female,Empl ID: 005348768 ,1
144,Peter Mehta,Male,Empl ID: 005675795 ,8
145,Huy Rice,Male,Empl ID: 005875002 ,2
146,Naomi Moua,Female,Empl ID: 005938798 ,3
147,Zach Mitchell,Male,Empl ID: 005553406 ,2
148,Isabella Cheng,Female,Empl ID: 005333371 ,4
149,Patrick Price,Male,Empl ID: 005097210 ,26
150,Yesenia Stone,Female,Empl ID: 005429145 ,7
151,Miguel Clark,Male,Empl ID: 003040926 ,4
152,Emma Taylor,Female,Empl ID: 005123738 ,1
153,Michelle Gonzales,Female,Empl ID: 005950419 ,1
154,Karen Truong,Female,Empl ID: 005076455 ,3
155,Anthony Tan,Male,Empl ID: 005135577 ,5
156,Nicholas Marshall,Male,Empl ID: 005407026 ,71
157,Kofi Gutierrez,Male,Empl ID: 005832186 ,7
158,Matthew Maloy,Male,Empl ID: 005487185 ,23
159,Amir Nair,Male,Empl ID: 005532210 ,3
160,Natalie Avila-Chavez,Female,Empl ID: 005724453 ,1
161,Caleb Walker,Male,Empl ID: 005119048 ,1
162,Emmanuel Young,Male,Empl ID: 005512803 ,2
163,Sarah Avila-Chavez,Female,Empl ID: 005304945 ,120
164,Elijah Murray,Male,Empl ID: 005987348 ,2
165,Samantha Sanders,Female,Empl ID: 005393076 ,19
166,Rosa Hughes,Female,Empl ID: 005729542 ,1
167,Tristan Allen,Male,Empl ID: 005980347 ,21
168,Robert Woods,Male,Empl ID: 005619634 ,10
169,Thao Jackson,Male,Empl ID: 005604695 ,4
170,William Gonzalez,Male,Empl ID: 005650942 ,5
171,Olivia Cox,Female,Empl ID: 005976133 ,2
172,Kofi Alexander,Male,Empl ID: 005785175 ,11
173,Isabella Parker,Female,Empl ID: 005443644 ,3
174,Luis Gibson,Male,Empl ID: 005016763 ,1
175,Erik Reynolds,Male,Empl ID: 005198729 ,1
176,Darius Boyd,Male,Empl ID: 005222269 ,7
177,Khaled Vargas,Male,Empl ID: 005579567 ,54
178,Vanessa Macias,Female,Empl ID: 005353465 ,7
179,Devin Barnes,Male,Empl ID: 005834198 ,5
180,Sanjay Hunt,Male,Empl ID: 005546838 ,8
181,Rebecca Aguilar,Female,Empl ID: 005999079 ,37
182,Neha Anderson,Female,Empl ID: 005462666 ,8
183,Nicholas Yee,Male,Empl ID: 005522682 ,3
184,Sanjay White,Male,Empl ID: 005047182 ,27
185,Emily Bailey,Female,Empl ID: 005149219 ,10
186,Daniel Lam,Male,Empl ID: 005629609 ,51
187,Emily Campbell,Female,Empl ID: 005226417 ,7
188,Arjun Kim,Male,Empl ID: 005425267 ,1
189,Huong Moua,Female,Empl ID: 005910671 ,1
190,Emeka Hall,Male,Empl ID: 005420367 ,60
191,Aaliyah Sanders,Female,Empl ID: 005894332 ,67
192,Kavita Singh,Female,Empl ID: 005421589 ,4
193,Jose King,Male,Empl ID: 005550200 ,3
194,Denise Wilson,Female,Empl ID: 005078310 ,46
195,Brittany Cooper,Female,Empl ID: 005848004 ,1
196,Tiffany Cook,Female,Empl ID: 005225577 ,2
197,Juan Hoang,Male,Empl ID: 005267917 ,14
198,Marcus Patel,Male,Empl ID: 005103698 ,3
199,Emily Wang,Female,Empl ID: 005418999 ,5
200,Amir Perry,Male,Empl ID: 005292270 ,4
201,Marisol Pham,Female,Empl ID: 005840509 ,9
202,Brenda Perry,Female,Empl ID: 005227183 ,42
203,Noah Hayes,Male,Empl ID: 005213456 ,6
204,Malik Walker,Male,Empl ID: 005058767 ,14
205,Christina Perez,Female,Empl ID: 005489403 ,1
206,Nicole Cheng,Female,Empl ID: 005102804 ,5
207,Tyler Desai,Male,Empl ID: 005168133 ,2
208,Frank Joshi,Male,Empl ID: 005396428 ,1
209,Emma Barnes,Female,Empl ID: 005001464 ,2
210,Lauren Ramos,Female,Empl ID: 005765194 ,3
211,Larry Maloy,Male,Empl ID: 005305989 ,21
212,Christina Nelson,Female,Empl ID: 005429938 ,1
213,Tiffany Huang,Female,Empl ID: 005121917 ,6
214,Chloe Rogers,Female,Empl ID: 005344863 ,3
215,Elena Bryant,Female,Empl ID: 005324953 ,3
216,Naomi Scott,Female,Empl ID: 005593035 ,24
217,Jose Kumar,Male,Empl ID: 005782757 ,12
218,Minh Joshi,Male,Empl ID: 005815169 ,38
219,Marian Freeman,Female,Empl ID: 005395906 ,4
220,Haley Warren,Female,Empl ID: 003537182 ,2
221,Hector Lim,Male,Empl ID: 005093889 ,4
222,Jasmine Salcedo,Female,Empl ID: 005247142 ,8
223,Lucia Martinez,Female,Empl ID: 005981959 ,7
224,Amir Davis,Male,Empl ID: 005154256 ,1
225,Alexis Robertson,Female,Empl ID: 005414118 ,6
226,Shreya Rodriguez,Female,Empl ID: 005278009 ,8
227,Isaiah Bui,Male,Empl ID: 005666137 ,192
228,Jayden Reed,Male,Empl ID: 005492415 ,84
229,Andrew Yang,Male,Empl ID: 005014284 ,2
230,Emeka Reed,Male,Empl ID: 005686341 ,4
231,Adam Rivera,Male,Empl ID: 005549602 ,1
232,Kendrick Joshi,Male,Empl ID: 003939789 ,2
233,Michael Avila-Chavez,Male,Empl ID: 005875098 ,9
234,Liam Cole,Male,Empl ID: 005419237 ,32
235,Andrew Flores,Male,Empl ID: 005968175 ,2
236,Nadia Perry,Female,Empl ID: 005861973 ,2
237,Camila Ramos,Female,Empl ID: 005847744 ,1
238,Juan Edwards,Male,Empl ID: 005310705 ,4
239,Huy Park,Male,Empl ID: 005900318 ,1
240,Heather Ellis,Female,Empl ID: 005269890 ,3
241,Jason Stewart,Male,Empl ID: 005111153 ,2
242,Mia James,Female,Empl ID: 005658866 ,5
243,Chloe Jones,Female,Empl ID: 005342446 ,1
244,Kofi Nelson,Male,Empl ID: 005741631 ,1
245,Huong Patel,Female,Empl ID: 005477917 ,121
246,Kwame Harrison,Male,Empl ID: 005155059 ,1
247,Denise Lin,Female,Empl ID: 005949075 ,1
248,Pao Hughes,Male,Empl ID: 005590448 ,79
249,Pao Maloy,Male,Empl ID: 005767794 ,192
250,Angela Hunt,Female,Empl ID: 005334676 ,1
251,Anh Young,Female,Empl ID: 005683507 ,3
252,Elijah Morales,Male,Empl ID: 005313136 ,9
253,Crystal Alexander,Female,Empl ID: 005209812 ,67
254,Andrew Parker,Male,Empl ID: 005577178 ,1
255,Christopher Woods,Male,Empl ID: 005432233 ,4
256,Lauren McDonald,Female,Empl ID: 005744275 ,17
257,Kavita Torres,Female,Empl ID: 005422331 ,10
258,Christopher Robinson,Male,Empl ID: 005397131 ,3
259,Nathan Jimenez,Male,Empl ID: 005483925 ,5
260,Neha Walker,Female,Empl ID: 005408694 ,1
261,Veronica McDonald,Female,Empl ID: 005934707 ,4
262,Erik Huang,Male,Empl ID: 005445756 ,4
263,Arjun Coleman,Male,Empl ID: 005208796 ,8
264,Madison Nguyen,Female,Empl ID: 005372866 ,2
265,Kwame Nunez,Male,Empl ID: 005521217 ,11
266,Ashley Ford,Female,Empl ID: 005406617 ,24
267,Christina Campos,Female,Empl ID: 005271269 ,7
268,Jian Vargas,Male,Empl ID: 005252049 ,9
269,Adam Sullivan,Male,Empl ID: 005753788 ,6
270,Jordan Morris,Male,Empl ID: 005580228 ,6
271,Gabriela Hamilton,Female,Empl ID: 005037132 ,2
272,Andrew Hill,Male,Empl ID: 005478567 ,9
273,Yen Patel,Female,Empl ID: 005429029 ,5
274,Anita Herrera,Female,Empl ID: 005012114 ,114
275,Juan Park,Male,Empl ID: 005758626 ,54
276,Nathan Cox,Male,Empl ID: 005154924 ,10
277,Rahul Carter,Male,Empl ID: 005076471 ,2
278,Heather Gonzales,Female,Empl ID: 005802508 ,1
279,Vikram Wilson,Male,Empl ID: 005661171 ,31
280,Natalie Medina,Female,Empl ID: 005415970 ,8
281,Hana Powell,Female,Empl ID: 005292356 ,11
282,Isabella Hunt,Female,Empl ID: 005399727 ,1
283,Sunita Campbell,Female,Empl ID: 005537490 ,21
284,Priya Nguyen,Female,Empl ID: 005936640 ,11
285,Felix Bell,Male,Empl ID: 005402576 ,1
286,Monique Xu,Female,Empl ID: 005827232 ,3
287,Claudia Vega-Ruiz,Female,Empl ID: 003842973 ,8
288,Alejandra Zhou,Female,Empl ID: 005088708 ,6
289,Tiffany Tucker,Female,Empl ID: 005052582 ,4
290,Kavita Harris,Female,Empl ID: 005247727 ,5
291,Jason Roberts,Male,Empl ID: 005916379 ,4
292,Elijah Miller,Male,Empl ID: 005432088 ,7
293,Ming Medina,Male,Empl ID: 005529196 ,46
294,Yusuf Gibson,Male,Empl ID: 005110113 ,1
295,Jessica Lopez,Female,Empl ID: 005058750 ,4
296,Divya Dinh,Female,Empl ID: 005845974 ,7
297,Miguel Singh,Male,Empl ID: 005447724 ,8
298,Daniel West,Male,Empl ID: 005896688 ,3
299,Amanda Torres,Female,Empl ID: 005346691 ,1
300,Sandra Baker,Female,Empl ID: 005226461 ,9
301,Jayden Parker,Male,Empl ID: 005656607 ,67
302,Miguel Vu,Male,Empl ID: 005034877 ,1
303,Amber Cheng,Female,Empl ID: 005594540 ,19
304,Veronica De La Torre,Female,Empl ID: 005466971 ,3
305,Jessica Brooks,Female,Empl ID: 005434549 ,5
306,Chukwu Cook,Male,Empl ID: 005110506 ,1
307,Yolanda Reddy,Female,Empl ID: 003725911 ,3
308,Kofi Lam,Male,Empl ID: 005636342 ,36
309,Minh Campbell,Male,Empl ID: 005917483 ,13
310,Tobias Foster,Male,Empl ID: 005262657 ,68
311,Hope Taylor,Female,Empl ID: 005578493 ,30
312,Heather Watson,Female,Empl ID: 005894294 ,10
313,Alexis Reed,Female,Empl ID: 005703650 ,69
314,Alejandra Rogers,Female,Empl ID: 005667834 ,10
315,Thomas Bui,Male,Empl ID: 005194021 ,18
316,Neha Wang,Female,Empl ID: 005011268 ,4
317,Nathan Salcedo,Male,Empl ID: 005800811 ,6
318,Crystal Wong,Female,Empl ID: 005304868 ,2
319,Ethan Wang,Male,Empl ID: 005356182 ,23
320,Brittany Foster,Female,Empl ID: 005998453 ,1
321,Tuan Turner,Male,Empl ID: 005701347 ,17
322,Steven Ly,Male,Empl ID: 005266758 ,4
323,Haley Anderson,Female,Empl ID: 005666210 ,30
324,Mason Tan,Male,Empl ID: 005011859 ,16
325,Aiden De La Torre,Male,Empl ID: 003395950 ,77
326,Priya Herrera,Female,Empl ID: 005291570 ,16
327,Ashley Gonzales,Female,Empl ID: 005446551 ,1
328,Anh Martinez,Female,Empl ID: 005185475 ,5
329,Yusuf Herrera,Male,Empl ID: 005039132 ,1
330,Logan Castillo,Male,Empl ID: 005029863 ,3
331,Meena Adams,Female,Empl ID: 005491206 ,49
332,Camila Lee,Female,Empl ID: 005668330 ,14
333,Minh Hayes,Male,Empl ID: 005530875 ,2
334,Katerina Wong,Female,Empl ID: 005261138 ,1
335,Patricia Smith,Female,Empl ID: 005161052 ,6
336,Jordan Ly,Male,Empl ID: 005552240 ,1
337,Lisa Young,Female,Empl ID: 005714042 ,2
338,Steven Le,Male,Empl ID: 005038525 ,9
339,Zach Mehta,Male,Empl ID: 005847107 ,29
340,Grace Moua,Female,Empl ID: 005279277 ,13
341,Maria De La Torre,Female,Empl ID: 005703495 ,1
342,Wei Phillips,Male,Empl ID: 005100418 ,9
343,Carlos Xu,Male,Empl ID: 005240120 ,6
344,Alexis Collins,Female,Empl ID: 005005409 ,10
345,Alexis Medina,Female,Empl ID: 005857814 ,57
346,Peter Hunt,Male,Empl ID: 005359921 ,1
347,Tyler Zulmai,Male,Empl ID: 005527641 ,2
348,Jasmine Collins,Female,Empl ID: 005433744 ,13
349,David Dixon,Male,Empl ID: 005220943 ,1
350,Liam Sharma,Male,Empl ID: 005926731 ,47
351,Ava Santos,Female,Empl ID: 005174769 ,9
352,Elijah Patel,Male,Empl ID: 005857146 ,19
353,Alex De La Torre,Male,Empl ID: 005209172 ,2
354,Ravi Zulmai,Male,Empl ID: 005219343 ,18
355,William Parker,Male,Empl ID: 005602227 ,26
356,Destiny De La Torre,Female,Empl ID: 005759307 ,8
357,Sunita Freeman,Female,Empl ID: 005141778 ,8
358,Brian De La Torre,Male,Empl ID: 005994700 ,8
359,Emily Ochoa,Female,Empl ID: 005778658 ,2
360,Vinh Cox,Male,Empl ID: 005806442 ,4
361,Rahul Truong,Male,Empl ID: 005128894 ,4
362,Bao Gupta,Male,Empl ID: 005423501 ,10
363,Aiden Hill,Male,Empl ID: 005489269 ,23
364,Sofia Herrera,Female,Empl ID: 005119551 ,1
365,Karen Reed,Female,Empl ID: 005199135 ,5
366,Elizabeth Maloy,Female,Empl ID: 005180055 ,47
367,Alex James,Male,Empl ID: 005392821 ,2
368,James Cook,Male,Empl ID: 005444171 ,2
369,Camila Tan,Not Set,Empl ID: 005247990 ,7
370,Logan De La Torre,Male,Empl ID: 005333364 ,19
371,Patrick Yang,Male,Empl ID: 005824760 ,6
372,Michael Gray,Male,Empl ID: 005564079 ,38
373,Latoya Rose,Female,Empl ID: 005839385 ,19
374,Arjun Maloy,Male,Empl ID: 005526311 ,19
375,Patrick Long,Male,Empl ID: 005236597 ,12
376,Nicholas Cook,Male,Empl ID: 005251997 ,161
377,Kendrick Truong,Male,Empl ID: 005598400 ,4
378,Katerina Miller,Female,Empl ID: 005050788 ,1
379,Elena Gonzales,Female,Empl ID: 005585800 ,56
380,Anh Morales,Female,Empl ID: 005764401 ,3
381,Kendrick Ross,Male,Empl ID: 005604877 ,6
382,Nathan Green,Male,Empl ID: 005175623 ,37
383,Terrell Giacovoni,Male,Empl ID: 005608097 ,1
384,Lisa Myers,Female,Empl ID: 005248403 ,1
385,Alejandra Bui,Female,Empl ID: 005686980 ,1
386,Carlos Liu,Male,Empl ID: 005122117 ,2
387,Veronica Hunter,Female,Empl ID: 003900470 ,10
388,Mark Ibarra,Male,Empl ID: 005111544 ,12
389,Samantha Tran,Female,Empl ID: 005317406 ,8
390,Nadia White,Female,Empl ID: 005603160 ,1
391,Paige Green,Female,Empl ID: 005009878 ,1
392,Jonathan Moua,Male,Empl ID: 005587245 ,6
393,Samuel West,Male,Empl ID: 005058941 ,3
394,Paige Skiles,Female,Empl ID: 005081696 ,11
395,Ravi Dang,Male,Empl ID: 005352443 ,15
396,Tuan Campbell,Male,Empl ID: 005018826 ,7
397,Miguel Wood,Male,Empl ID: 005024150 ,17
398,Nicholas Ford,Male,Empl ID: 005203710 ,8
399,Destiny Hayes,Female,Empl ID: 005503519 ,12
400,Mark Yang,Male,Empl ID: 005356527 ,2
401,Sierra Burns,Female,Empl ID: 005225572 ,4
402,Elijah Vega-Ruiz,Male,Empl ID: 005994415 ,7
403,Destiny Anderson,Female,Empl ID: 005951089 ,18
404,Jose Flores,Male,Empl ID: 005801997 ,3
405,Benjamin Bennett,Male,Empl ID: 005270887 ,12
406,Sierra Nelson,Female,Empl ID: 005190516 ,4
407,Darius Myers,Male,Empl ID: 005410265 ,5
408,Arjun Morris,Male,Empl ID: 003448575 ,18
409,Rosa Jenkins,Female,Empl ID: 005277695 ,1
410,Divya Wilson,Female,Empl ID: 005859856 ,1
411,Mark Morgan,Male,Empl ID: 005078835 ,1
412,Sandra Roberts,Female,Empl ID: 005880735 ,1
413,Thomas Skiles,Male,Empl ID: 005311399 ,2
414,Alexis Ramirez,Female,Empl ID: 005230883 ,16
415,Tanisha Owens,Female,Empl ID: 005969914 ,4
416,Chukwu Cruz Moreno,Male,Empl ID: 005659562 ,7
417,Hoa Kumar,Female,Empl ID: 003667948 ,27
418,Rahul Skiles,Male,Empl ID: 005690576 ,38
419,Malik Ngo,Male,Empl ID: 005207238 ,5
420,Devin Ortiz,Male,Empl ID: 005923135 ,39
421,Tuan Long,Male,Empl ID: 005419909 ,6
422,Vanessa Patterson,Female,Empl ID: 005665650 ,2
423,Mia Cook,Female,Empl ID: 005133085 ,2
424,Brooke Vu,Female,Empl ID: 005821583 ,1
425,Denise Chen,Female,Empl ID: 005925524 ,2
426,Pooja Mendoza,Female,Empl ID: 005569022 ,3
427,Amir Zulmai,Male,Empl ID: 005661725 ,18
428,Diana Do,Female,Empl ID: 003704609 ,67
429,Derek Wright,Male,Empl ID: 005483516 ,1
430,Tanisha Webb,Female,Empl ID: 005193028 ,10
431,Pao Park,Male,Empl ID: 003648321 ,1
432,Marcus Lam,Male,Empl ID: 005687681 ,11
433,Bao Warren,Male,Empl ID: 005349959 ,5
434,Arjun Watson,Male,Empl ID: 005774011 ,1
435,Tanisha Gutierrez,Female,Empl ID: 005033898 ,21
436,Lisa Graham,Female,Empl ID: 005142138 ,2
437,Mia Simpson,Female,Empl ID: 005993259 ,3
438,Samantha Ngo,Female,Empl ID: 005330262 ,1
439,Logan Sharma,Male,Empl ID: 005566514 ,2
440,Jayden Torres,Male,Empl ID: 005317787 ,10
441,Patricia Webb,Female,Empl ID: 005883797 ,4
442,Christina Freeman,Female,Empl ID: 005142837 ,9
443,Tariq De La Torre,Male,Empl ID: 005455172 ,9
444,Yen Do,Female,Empl ID: 005521458 ,37
445,Claudia Rodriguez,Female,Empl ID: 005343654 ,3
446,Hector Huang,Male,Empl ID: 005251478 ,1
447,Jessica Roberts,Female,Empl ID: 005582105 ,26
448,Duc Russell,Male,Empl ID: 005761245 ,3
449,Monique Pham,Female,Empl ID: 005294811 ,28
450,Camila Zulmai,Female,Empl ID: 005988665 ,10
451,Thao Fisher,Male,Empl ID: 005045832 ,5
452,Noah Howard,Male,Empl ID: 005023281 ,9
453,Taylor Ortiz,Female,Empl ID: 005594045 ,93
454,Aria Reynolds,Female,Empl ID: 005644127 ,112
455,Lisa Johnson,Female,Empl ID: 005588072 ,6
456,Katerina Phillips,Female,Empl ID: 005547105 ,7
457,Jennifer Morris,Female,Empl ID: 005385127 ,26
458,Diego Wallace,Male,Empl ID: 005717490 ,2
459,Gabriel Foster,Male,Empl ID: 005105847 ,9
460,Isabella Barnes,Female,Empl ID: 005554679 ,5
461,Logan Lewis,Male,Empl ID: 005595406 ,9
462,Hana Nunez,Female,Empl ID: 005272810 ,2
463,Claudia Stewart,Female,Empl ID: 005551251 ,1
464,Duc Anderson,Male,Empl ID: 005233276 ,1
465,Priya Reddy,Female,Empl ID: 005435870 ,1
466,Crystal Ibarra,Female,Empl ID: 005055683 ,3
467,Pooja Hamilton,Female,Empl ID: 005046045 ,4
468,Samuel Baker,Male,Empl ID: 005577191 ,91
469,Tyler Rose,Male,Empl ID: 005404045 ,27
470,Tuan Bell,Male,Empl ID: 005197266 ,1
471,Amir Aguilar,Male,Empl ID: 005970422 ,9
472,Gabriela Alexander,Female,Empl ID: 005845428 ,3
473,Aaliyah Howard,Female,Empl ID: 005425360 ,4
474,Monique Bui,Female,Empl ID: 005727235 ,7
475,Logan Macias,Male,Empl ID: 005736324 ,13
476,Keisha Mitchell,Female,Empl ID: 005294694 ,3
477,Brooke Tan,Female,Empl ID: 005652351 ,26
478,Arjun Miller,Male,Empl ID: 005652920 ,1
479,Olivia Tan,Female,Empl ID: 003429182 ,6
480,Kevin Lam,Male,Empl ID: 005501110 ,192
481,Lisa Parker,Female,Empl ID: 005324049 ,8
482,Kendrick Jones,Male,Empl ID: 005895666 ,44
483,Sunita Gonzalez,Female,Empl ID: 005428654 ,6
484,Luis De La Torre,Male,Empl ID: 005494366 ,13
485,Brenda Salcedo,Female,Empl ID: 005356781 ,5
486,Samantha Kelly,Female,Empl ID: 005318228 ,4
487,Samuel Henderson,Male,Empl ID: 005508116 ,2
488,Christopher Cook,Male,Empl ID: 005454336 ,10
489,Xiomara Torres,Female,Empl ID: 005789674 ,2
490,Kendrick Lopez,Male,Empl ID: 005601982 ,14
491,Alexis Singh,Female,Empl ID: 005741357 ,27
492,Huong Rose,Female,Empl ID: 005071149 ,9
493,Melissa Phillips,Female,Empl ID: 005503269 ,4
494,Huong Herrera,Female,Empl ID: 005751295 ,11
495,Arjun Evans,Male,Empl ID: 005912416 ,4
496,Justin De La Torre,Male,Empl ID: 005481667 ,21
497,Veronica Rose,Female,Empl ID: 005827076 ,1
498,Vinh Adams,Male,Empl ID: 005959126 ,3
499,Elena Harrison,Female,Empl ID: 005958504 ,1
500,Emily Reyes,Female,Empl ID: 005706865 ,1
501,Samuel Griffin,Male,Empl ID: 005376551 ,40
502,Minh Diaz,Male,Empl ID: 005384746 ,20
503,Amir Henderson,Male,Empl ID: 005205342 ,2
504,Joseph Griffin,Male,Empl ID: 005151341 ,1
505,Rahul Webb,Male,Empl ID: 005634730 ,1
506,Edward Gutierrez,Male,Empl ID: 005177690 ,3
507,Mason Hughes,Male,Empl ID: 005296744 ,184
508,Heather Medina,Female,Empl ID: 005366972 ,10
509,Fatima Perez,Female,Empl ID: 005076684 ,2
510,Melissa Kim,Female,Empl ID: 005522584 ,11
511,Anthony Stone,Male,Empl ID: 005049461 ,1
512,Jessica Wong,Female,Empl ID: 003590857 ,4
513,Rylee Rice,Female,Empl ID: 005060672 ,6
514,Ryan Brown,Male,Empl ID: 005378753 ,5
515,Juan Lim,Male,Empl ID: 005793819 ,17
516,Tiffany Ramos,Female,Empl ID: 005902033 ,9
517,Anthony Singh,Male,Empl ID: 005210977 ,14
518,Ashley Kelly,Female,Empl ID: 005764109 ,2
519,Malik Carter,Male,Empl ID: 005560446 ,20
520,Tuan Kelly,Male,Empl ID: 005926193 ,58
521,Duc Tan,Male,Empl ID: 005612521 ,1
522,Sunita Castillo,Female,Empl ID: 005295060 ,2
523,Isabella Ford,Female,Empl ID: 005500703 ,38
524,Lucas Chen,Male,Empl ID: 005002846 ,4
525,Jessica Henderson,Female,Empl ID: 005213015 ,42
526,Ming Miller,Male,Empl ID: 005430080 ,3
527,Sierra King,Female,Empl ID: 005199107 ,45
528,Ashley Bennett,Female,Empl ID: 005015086 ,7
529,Linh Brooks,Female,Empl ID: 005594630 ,8
530,Sunita Walker,Female,Empl ID: 003056972 ,53
531,Nadia Chen,Female,Empl ID: 005909718 ,3
532,Mason Green,Male,Empl ID: 005602546 ,1
533,Neha Vo,Female,Empl ID: 005505159 ,3
534,Lisa Cruz Moreno,Female,Empl ID: 005765984 ,11
535,Jason Maloy,Male,Empl ID: 005906317 ,1
536,Kayla Cook,Female,Empl ID: 005872360 ,14
537,Alex Parker,Male,Empl ID: 005580726 ,3
538,Duc Reynolds,Male,Empl ID: 005412634 ,29
539,Aaron Taylor,Male,Empl ID: 005305101 ,1
540,Rebecca Evans,Female,Empl ID: 005736895 ,2
541,Meena Harris,Female,Empl ID: 005852328 ,1
542,Karen Huang,Female,Empl ID: 005554294 ,2
543,Nathan Owens,Male,Empl ID: 005832510 ,8
544,Anthony Wood,Male,Empl ID: 005048302 ,4
545,Emeka Ford,Male,Empl ID: 005319935 ,4
546,Yen Henderson,Female,Empl ID: 005581445 ,4
547,Emmanuel Anderson,Male,Empl ID: 005400210 ,7
548,Arjun Hughes,Male,Empl ID: 005140014 ,1
549,Jayden Jenkins,Male,Empl ID: 005542409 ,15
550,Taylor Sharma,Female,Empl ID: 005101943 ,14
551,Vikram Cervantes,Male,Empl ID: 005309020 ,10
552,Diana Rodriguez,Female,Empl ID: 005895576 ,12
553,Victor Macias,Male,Empl ID: 005810073 ,8
554,Emeka Bui,Male,Empl ID: 005185628 ,105
555,Jose Freeman,Male,Empl ID: 005520942 ,5
556,Marcus Adams,Male,Empl ID: 005133558 ,4
557,Khaled Desai,Male,Empl ID: 005783111 ,2
558,Erica Brooks,Female,Empl ID: 005158733 ,1
559,Elijah Brown,Male,Empl ID: 003032423 ,1
560,Elena Xu,Female,Empl ID: 005168313 ,2
561,Chloe Bell,Female,Empl ID: 005635636 ,5
562,Scott Ly,Male,Empl ID: 005508801 ,9
563,Anita Ngo,Female,Empl ID: 003695429 ,6
564,Kevin Tucker,Male,Empl ID: 005655256 ,2
565,Natalie Castillo,Female,Empl ID: 005128136 ,20
566,Huong Hernandez,Female,Empl ID: 005898071 ,16
567,Aisha Ward,Female,Empl ID: 005584549 ,4
568,Hana Fisher,Female,Empl ID: 005328571 ,2
569,Hope Williams,Female,Empl ID: 005504262 ,12
570,Ashley Woods,Female,Empl ID: 005082843 ,7
571,Michelle Lam,Female,Empl ID: 005356088 ,1
572,Yolanda Harrison,Female,Empl ID: 005159942 ,5
573,Daniel Hill,Male,Empl ID: 005434055 ,8
574,Minh Yang,Male,Empl ID: 003831813 ,1
575,Thu Myers,Female,Empl ID: 005980685 ,7
576,Gabriel Ochoa,Male,Empl ID: 005672919 ,1
577,Alex Cole,Male,Empl ID: 005473032 ,38
578,Stephanie Cole,Female,Empl ID: 005334379 ,34
579,Hector Wong,Male,Empl ID: 005443564 ,4
580,Yolanda Robertson,Female,Empl ID: 005252437 ,9
581,Ava Hill,Female,Empl ID: 005172637 ,1
582,Jayden Kumar,Male,Empl ID: 005909856 ,1
583,Liam Ellis,Male,Empl ID: 005773348 ,4
584,Chukwu Sanchez,Male,Empl ID: 003669705 ,1
585,Yolanda Fisher,Female,Empl ID: 005425967 ,15
586,Rebecca Medina,Female,Empl ID: 005879681 ,100
587,Nazyia Ford,Female,Empl ID: 005688153 ,1
588,Hope Bui,Female,Empl ID: 005913894 ,2
589,Emeka Moore,Male,Empl ID: 005016727 ,8
590,Kendrick Morgan,Male,Empl ID: 005233875 ,57
591,Erica Ortiz,Female,Empl ID: 005644499 ,1
592,Aaron Dixon,Male,Empl ID: 005652315 ,8
593,Gabriel Santos,Male,Empl ID: 005456455 ,77
594,Anh Rice,Female,Empl ID: 005293878 ,1
595,Liam Marshall,Male,Empl ID: 005179123 ,1
596,Samuel Nelson,Male,Empl ID: 005184277 ,3
597,Larry Ford,Male,Empl ID: 005645739 ,3
598,Hope Le,Female,Empl ID: 005773248 ,18
599,Jason Reynolds,Male,Empl ID: 005204958 ,8
600,Lisa Ramirez,Female,Empl ID: 005421059 ,1
601,Nicole Graham,Female,Empl ID: 005022612 ,12
602,Crystal Do,Female,Empl ID: 005308965 ,2
603,Terrell Stewart,Male,Empl ID: 005129562 ,35
604,Samuel Lee,Male,Empl ID: 005835782 ,2
605,Phuong Smith,Female,Empl ID: 005179557 ,2
606,Keisha Jackson,Female,Empl ID: 005002285 ,12
607,Elijah Coleman,Male,Empl ID: 005061406 ,17
608,Minh Ramirez,Male,Empl ID: 005348729 ,11
609,Jordan Reddy,Male,Empl ID: 005280518 ,1
610,Tamara Nair,Female,Empl ID: 005099482 ,12
611,Malik Campbell,Male,Empl ID: 005431931 ,1
612,Mason Freeman,Male,Empl ID: 005603977 ,8
613,Amir Cruz Moreno,Male,Empl ID: 005580070 ,1
614,Christopher Bryant,Male,Empl ID: 005470533 ,11
615,Paige Scott,Female,Empl ID: 003326607 ,2
616,Camila Nunez,Female,Empl ID: 005450400 ,1
617,Yolanda Lopez,Female,Empl ID: 005296500 ,15
618,Daniel Adams,Male,Empl ID: 005687781 ,8
619,Pooja Rogers,Female,Empl ID: 005788374 ,2
620,Tanisha Cook,Female,Empl ID: 005455681 ,45
621,Yolanda Sullivan,Female,Empl ID: 005762571 ,3
622,Pooja Reyes,Female,Empl ID: 005965917 ,6
623,Emeka Zhou,Male,Empl ID: 005774624 ,8
624,Angela Owens,Female,Empl ID: 005517228 ,2
625,Amir Rogers,Male,Empl ID: 005275741 ,11
626,Vinh Young,Male,Empl ID: 005322092 ,3
627,Rachel Zhou,Female,Empl ID: 005332804 ,3
628,Shreya Cruz,Female,Empl ID: 005326693 ,40
629,Taylor James,Female,Empl ID: 005834476 ,1
630,Amanda Anderson,Female,Empl ID: 005948294 ,1
631,Crystal Bennett,Female,Empl ID: 005951936 ,57
632,Terrell Price,Male,Empl ID: 003381151 ,192
633,Huong Wu,Female,Empl ID: 005702102 ,3
634,Tyler Gupta,Male,Empl ID: 003101467 ,1
635,Rosa Carter,Female,Empl ID: 005781852 ,4
636,Brian King,Male,Empl ID: 005302168 ,4
637,Yasmin Dang,Female,Empl ID: 005650573 ,4
638,Ethan Jones,Male,Empl ID: 005366644 ,1
639,Jayden Sanchez,Male,Empl ID: 005404769 ,13
640,Haley Vu,Female,Empl ID: 005286560 ,12
641,Claudia Burns,Female,Empl ID: 005567520 ,1
642,Samuel Gupta,Male,Empl ID: 005283462 ,15
643,Nicole Smith,Female,Empl ID: 005440048 ,108
644,Katerina Thomas,Female,Empl ID: 005353250 ,7
645,Vanessa Brooks,Female,Empl ID: 005482118 ,3
646,Brandon Howard,Not Set,Empl ID: 003419108 ,4
647,Tamara Joshi,Female,Empl ID: 005984292 ,13
648,Haley Lopez,Female,Empl ID: 005842518 ,1
649,Linh Henderson,Female,Empl ID: 005596730 ,7
650,Mark Thompson,Male,Empl ID: 005178772 ,3
651,Elijah Gupta,Male,Empl ID: 005648556 ,80
652,Hana Zulmai,Female,Empl ID: 005423531 ,4
653,Karen Hunter,Female,Empl ID: 005574428 ,62
654,Vikram Cooper,Male,Empl ID: 005935257 ,1
655,Ravi Perez,Male,Empl ID: 005975257 ,13
656,Katerina Rodriguez,Female,Empl ID: 005226447 ,9
657,Jose De La Torre,Male,Empl ID: 005136812 ,2
658,Hassan Griffin,Male,Empl ID: 005082143 ,7
659,Taylor Diaz,Female,Empl ID: 005705291 ,32
660,Kofi Salcedo,Male,Empl ID: 005351169 ,3
661,Nathan Phillips,Male,Empl ID: 005061140 ,1
662,Brittany Morris,Female,Empl ID: 005171506 ,5
663,Tyler Peterson,Male,Empl ID: 005196305 ,1
664,Denise Reyes,Female,Empl ID: 005220421 ,3
665,Sierra Huang,Female,Empl ID: 005954708 ,5
666,Steven Adams,Male,Empl ID: 005084731 ,1
667,Kimberly Collins,Female,Empl ID: 005342355 ,1
668,Kimberly West,Female,Empl ID: 005126229 ,11
669,Christina Martin,Female,Empl ID: 005025628 ,3
670,Miguel Nelson,Male,Empl ID: 005791434 ,1
671,Ava Carter,Female,Empl ID: 005966646 ,17
672,Ava Wang,Female,Empl ID: 005325810 ,8
673,Henry Harrison,Male,Empl ID: 005808845 ,2
674,Minh Brooks,Male,Empl ID: 005952623 ,1
675,Justin Lopez,Male,Empl ID: 005716154 ,18
676,Erica Lewis,Female,Empl ID: 005839134 ,9
677,Tanisha Russell,Female,Empl ID: 005745211 ,174
678,Duc Wood,Male,Empl ID: 005817346 ,10
679,Tobias Chen,Male,Empl ID: 003844645 ,10
680,Kwame Lim,Male,Empl ID: 005322713 ,4
681,Emma Cruz Moreno,Female,Empl ID: 005061061 ,18
682,Vinh Ford,Male,Empl ID: 005411223 ,14
683,Samantha Powell,Female,Empl ID: 005594256 ,34
684,Sierra Jackson,Female,Empl ID: 005609707 ,3
685,Fatima Desai,Female,Empl ID: 005688765 ,3
686,Diana Collins,Female,Empl ID: 005389354 ,3
687,Daniela West,Female,Empl ID: 005434961 ,17
688,Nazyia Xu,Female,Empl ID: 005596776 ,48
689,Kevin Shah,Male,Empl ID: 005301508 ,3
690,Christina West,Female,Empl ID: 005057003 ,3
691,Adam Carter,Male,Empl ID: 003067404 ,9
692,Victor Reddy,Male,Empl ID: 005447500 ,4
693,Katerina Sanders,Female,Empl ID: 005465625 ,22
694,Sanjay Patel,Male,Empl ID: 005670943 ,1
695,Caleb Carr,Male,Empl ID: 005939227 ,2
696,Shreya Robinson,Female,Empl ID: 005696681 ,2
697,Thao Stone,Male,Empl ID: 005649986 ,1
698,David Singh,Male,Empl ID: 005020479 ,1
699,Daniela Simpson,Female,Empl ID: 005291086 ,1
700,Christopher Sanders,Male,Empl ID: 005281060 ,4
701,Kavita Gutierrez,Female,Empl ID: 005154727 ,28
702,Terrell Macias,Male,Empl ID: 005455010 ,4
703,Malik Park,Male,Empl ID: 005941307 ,1
704,Thomas Harrison,Male,Empl ID: 005276819 ,5
705,Noah Griffin,Male,Empl ID: 003947377 ,25
706,Brian Lin,Male,Empl ID: 005345666 ,1
707,Meena Williams,Female,Empl ID: 005457424 ,1
708,Sanjay Campos,Male,Empl ID: 005123211 ,12
709,Angela Moore,Female,Empl ID: 005880545 ,4
710,Emmanuel Rogers,Male,Empl ID: 005942589 ,14
711,Yen Mitchell,Female,Empl ID: 005457075 ,5
712,Tobias Jones,Male,Empl ID: 005802805 ,15
713,Latoya Fox,Female,Empl ID: 005290931 ,1
714,Jayden Giacovoni,Male,Empl ID: 005899925 ,5
715,Hope Flores,Female,Empl ID: 005010755 ,4
716,Ming Torres,Male,Empl ID: 005495268 ,1
717,Sierra Yang,Female,Empl ID: 005970213 ,1
718,Ethan Graham,Male,Empl ID: 005905872 ,15
719,Vanessa Edwards,Female,Empl ID: 005049870 ,3
720,Sanjay Cook,Male,Empl ID: 005806608 ,1
721,Melissa Nelson,Female,Empl ID: 005038299 ,5
722,Jennifer Nelson,Female,Empl ID: 005008602 ,28
723,Erik West,Male,Empl ID: 005581016 ,1
724,Liam Reddy,Male,Empl ID: 005797487 ,1
725,Gabriela Wright,Female,Empl ID: 005166504 ,1
726,Olivia Webb,Female,Empl ID: 005964677 ,46
727,Rebecca De La Torre,Female,Empl ID: 005697513 ,8
728,Aisha Ly,Female,Empl ID: 005102814 ,17
729,Emmanuel Santos,Male,Empl ID: 005547717 ,1
730,Omar Vargas,Male,Empl ID: 005522241 ,1
731,Yasmin Kumar,Female,Empl ID: 005387155 ,11
732,Melissa Collins,Female,Empl ID: 005503546 ,6
733,Kimberly Phillips,Female,Empl ID: 005167775 ,12
734,Erik Graham,Male,Empl ID: 005459433 ,4
735,Amir Wu,Male,Empl ID: 005377216 ,8
736,Vanessa Aguilar,Female,Empl ID: 003520652 ,7
737,Jonathan Mehta,Male,Empl ID: 005635235 ,17
738,Matthew Smith,Male,Empl ID: 003293898 ,18
739,Ravi Griffin,Male,Empl ID: 005588323 ,1
740,Nicholas Tan,Male,Empl ID: 005018695 ,1
741,Michael Price,Male,Empl ID: 005325701 ,24
742,Yasmin Murphy,Female,Empl ID: 005635236 ,31
743,Samantha King,Female,Empl ID: 005074643 ,1
744,Grace Watson,Female,Empl ID: 005151369 ,1
745,Tobias Perez,Male,Empl ID: 005906009 ,6
746,Sofia White,Female,Empl ID: 005568494 ,21
747,Naomi Boyd,Female,Empl ID: 005738623 ,75
748,Huy Ford,Male,Empl ID: 005295882 ,12
749,Tobias Thomas,Male,Empl ID: 005294042 ,3
750,Zoe Wong,Female,Empl ID: 005076740 ,2
751,Robert Cole,Male,Empl ID: 005437137 ,6
752,Yesenia Webb,Female,Empl ID: 005851236 ,4
753,Adam Perry,Male,Empl ID: 005770549 ,1
754,Divya Hoang,Female,Empl ID: 005707968 ,107
755,Amber Kelly,Female,Empl ID: 005766845 ,73
756,Hector Moua,Male,Empl ID: 005671139 ,29
757,Larry Hoang,Male,Empl ID: 005913527 ,1
758,Emeka Miller,Male,Empl ID: 005720462 ,19
759,Brooke Robinson,Female,Empl ID: 005287573 ,14
760,Isabel Ward,Female,Empl ID: 005902880 ,10
761,Rachel Soto,Female,Empl ID: 003765955 ,34
762,Karen Gibson,Female,Empl ID: 005148813 ,14
763,Jian McDonald,Male,Empl ID: 005466679 ,16
764,Leila Kelly,Female,Empl ID: 005605490 ,14
765,Lan Dixon,Female,Empl ID: 005297024 ,9
766,Heather Boyd,Female,Empl ID: 005493034 ,1
767,Rosa Howard,Female,Empl ID: 005936739 ,6
768,Sanjay Jenkins,Male,Empl ID: 005118430 ,2
769,Malik Fisher,Male,Empl ID: 005351455 ,1
770,Erica Evans,Female,Empl ID: 005276985 ,63
771,Michelle Cox,Female,Empl ID: 005841123 ,67
772,Nathan Powell,Male,Empl ID: 005376908 ,39
773,Faith Chen,Female,Empl ID: 005152100 ,8
774,Diego Scott,Male,Empl ID: 005269127 ,39
775,Patrick Rivera,Male,Empl ID: 005841616 ,6
776,Tamara Dinh,Female,Empl ID: 005895412 ,7
777,Yen Dinh,Female,Empl ID: 005445146 ,1
778,Ming Le,Male,Empl ID: 005861439 ,10
779,Gabriel James,Male,Empl ID: 005014170 ,6
780,Priya Castillo,Female,Empl ID: 003373779 ,1
781,Devin Evans,Male,Empl ID: 005487704 ,5
782,Sean Bryant,Male,Empl ID: 005433644 ,5
783,Jason Joshi,Male,Empl ID: 005499473 ,75
784,Justin Williams,Male,Empl ID: 005805441 ,20
785,Diego Cole,Male,Empl ID: 005264945 ,6
786,Rahul Robinson,Male,Empl ID: 005053144 ,8
787,Kavita Collins,Female,Empl ID: 005707378 ,6
788,Brian Bailey,Male,Empl ID: 005134913 ,4
789,Hassan Robertson,Male,Empl ID: 005761031 ,1
790,Yesenia Torres,Female,Empl ID: 005473250 ,4
791,Elijah Ly,Male,Empl ID: 005389191 ,2
792,Katerina Walker,Female,Empl ID: 005892544 ,1
793,Latoya Macias,Female,Empl ID: 005358549 ,12
794,Rachel Vu,Female,Empl ID: 005560572 ,10
795,Haley Ward,Female,Empl ID: 005600490 ,1
796,Victor Bui,Male,Empl ID: 005727653 ,5
797,Leila Warren,Not Set,Empl ID: 005399813 ,23
798,Destiny Johnson,Female,Empl ID: 005448072 ,26
799,Isabella Lewis,Female,Empl ID: 005914468 ,24
800,Marisol Vu,Female,Empl ID: 005403448 ,6
801,Amanda Dinh,Female,Empl ID: 005444515 ,2
802,Chloe Shah,Female,Empl ID: 005640022 ,1
803,Hope Reddy,Female,Empl ID: 005374246 ,9
804,Kayla Hoang,Female,Empl ID: 005819487 ,10
805,Kimberly Morgan,Female,Empl ID: 005066713 ,36
806,Emma Martinez,Female,Empl ID: 003818108 ,27
807,Trevor Cox,Male,Empl ID: 005230351 ,5
808,Yolanda Johnson,Female,Empl ID: 005023708 ,1
809,Vikram Lopez,Male,Empl ID: 005546660 ,3
810,Ming Gupta,Male,Empl ID: 005229786 ,8
811,Lucas Hall,Male,Empl ID: 005249634 ,4
812,Isaiah Wood,Male,Empl ID: 005752572 ,2
813,Diana Vo,Female,Empl ID: 005519576 ,8
814,Terrell Webb,Male,Empl ID: 005811683 ,3
815,Darius Ortiz,Not Set,Empl ID: 005445266 ,2
816,Benjamin Cruz,Male,Empl ID: 005687774 ,9
817,Hassan Wang,Male,Empl ID: 005179538 ,3
818,Brandon Sanders,Male,Empl ID: 005712403 ,8
819,Madison Nelson,Female,Empl ID: 005371659 ,8
820,Felix Vo,Male,Empl ID: 005725864 ,1
821,Rahul Morales,Male,Empl ID: 005373257 ,3
822,Linh Woods,Female,Empl ID: 005466173 ,44
823,Alexis Patterson,Female,Empl ID: 005383025 ,1
824,Elena Rao,Female,Empl ID: 005054786 ,1
825,Xiomara Ortiz,Female,Empl ID: 005628962 ,1
826,Adam Webb,Male,Empl ID: 005036721 ,6
827,Brian Morris,Male,Empl ID: 005230030 ,6
828,Steven Perry,Male,Empl ID: 005680136 ,5
829,Madison Hoang,Female,Empl ID: 005452783 ,32
830,Mia Hamilton,Female,Empl ID: 005271231 ,1
831,Grace Allen,Female,Empl ID: 005121403 ,10
832,Zoe Wu,Female,Empl ID: 005332919 ,53
833,Diego Hill,Male,Empl ID: 005656276 ,1
834,Anthony Gray,Male,Empl ID: 005466878 ,3
835,Mark Gonzales,Male,Empl ID: 005597710 ,2
836,Sandra Wallace,Female,Empl ID: 005494593 ,2
837,Yasmin Cheng,Female,Empl ID: 005636744 ,3
838,Diana Mehta,Female,Empl ID: 003088007 ,44
839,Gabriela Ramirez,Female,Empl ID: 005171589 ,79
840,Tuan Morales,Male,Empl ID: 005153421 ,3
841,Tobias Fisher,Male,Empl ID: 005869828 ,87
842,Tamara Graham,Female,Empl ID: 005152057 ,6
843,Daniela Shah,Female,Empl ID: 005071934 ,70
844,Brittany Evans,Female,Empl ID: 005503322 ,5
845,Hector Hoang,Male,Empl ID: 005395596 ,7
846,Crystal Zhou,Female,Empl ID: 005197814 ,9
847,Mason Turner,Male,Empl ID: 005004579 ,192
848,Keisha McDonald,Female,Empl ID: 005207834 ,19
849,Brianna Moua,Female,Empl ID: 005596689 ,2
850,Chloe Ellis,Female,Empl ID: 003286782 ,22
851,Miguel Harrison,Male,Empl ID: 005268314 ,3
852,Veronica Roberts,Female,Empl ID: 005909168 ,3
853,Tuan Dinh,Male,Empl ID: 005553142 ,21
854,Daniela Reed,Female,Empl ID: 005012795 ,6
855,Emeka De La Torre,Male,Empl ID: 005134389 ,8
856,Hector Ramirez,Male,Empl ID: 005038760 ,6
857,Noah De La Torre,Male,Empl ID: 005380874 ,9
858,Divya Cox,Female,Empl ID: 005109462 ,10
859,Joseph Avila-Chavez,Male,Empl ID: 005553403 ,1
860,Fatima Santos,Female,Empl ID: 005846637 ,14
861,Jonathan Griffin,Male,Empl ID: 005836786 ,1
862,Natalie Potter,Female,Empl ID: 005802160 ,1
863,Morgan Rao,Female,Empl ID: 005535026 ,5
864,James Tucker,Male,Empl ID: 003754835 ,6
865,Heather Sanders,Female,Empl ID: 005161819 ,2
866,Nathan Robinson,Male,Empl ID: 005259261 ,18
867,Jonathan Yee,Male,Empl ID: 005609039 ,1
868,Vinh Martinez,Male,Empl ID: 005821979 ,3
869,Mason Wong,Male,Empl ID: 005603201 ,2
870,William Wright,Male,Empl ID: 005414474 ,5
871,Benjamin Avila-Chavez,Male,Empl ID: 005029809 ,8
872,Thomas Dinh,Male,Empl ID: 005567131 ,1
873,Tristan Hill,Male,Empl ID: 005921392 ,16
874,Vikram Peterson,Male,Empl ID: 005425168 ,6
875,Derek Maloy,Male,Empl ID: 005084758 ,1
876,Aaliyah Ngo,Female,Empl ID: 005519635 ,1
877,Amir Carr,Male,Empl ID: 005207388 ,5
878,Brittany Wu,Female,Empl ID: 005685888 ,4
879,Felix Myers,Male,Empl ID: 005977157 ,5
880,Grace Jackson,Female,Empl ID: 005139171 ,5
881,Claudia Allen,Female,Empl ID: 005567364 ,8
882,Tiffany Watson,Female,Empl ID: 005952962 ,22
883,Arjun Gonzalez,Male,Empl ID: 005067753 ,1
884,Frank Patterson,Male,Empl ID: 005529192 ,1
885,Tobias Campbell,Male,Empl ID: 005266313 ,1
886,Alex Hunter,Male,Empl ID: 005734076 ,8
887,Destiny Giacovoni,Female,Empl ID: 005519629 ,33
888,Kevin Robinson,Male,Empl ID: 005272241 ,3
889,Samuel Graham,Male,Empl ID: 005762822 ,1
890,Terrell Gonzales,Male,Empl ID: 005882306 ,1
891,Anita Jones,Female,Empl ID: 005649475 ,2
892,Linh Sullivan,Female,Empl ID: 005965346 ,2
893,Brianna Dang,Female,Empl ID: 005681794 ,3
894,Emma Ramirez,Female,Empl ID: 005408035 ,6
895,Jonathan Harrison,Not Set,Empl ID: 005006562 ,3
896,Vanessa Patel,Female,Empl ID: 005222869 ,25
897,Duc Cooper,Male,Empl ID: 005260114 ,2
898,Naomi Reyes,Female,Empl ID: 005589041 ,2
899,Adam King,Male,Empl ID: 005336005 ,11
900,Malik Long,Male,Empl ID: 005315375 ,1
901,Joseph Hayes,Male,Empl ID: 005282176 ,10
902,Thomas Barnes,Male,Empl ID: 005730194 ,6
903,Kevin Soto,Male,Empl ID: 005377009 ,4
904,Elena Cruz Moreno,Female,Empl ID: 005969160 ,55
905,Frank Fisher,Male,Empl ID: 005637205 ,2
906,Ravi Potter,Male,Empl ID: 005901381 ,109
907,Hana Edwards,Female,Empl ID: 005928437 ,4
908,Caleb Macias,Male,Empl ID: 005057819 ,1
909,Elena Wang,Female,Empl ID: 005141106 ,6
910,Jamal Giacovoni,Male,Empl ID: 005120381 ,1
911,Wei Vega-Ruiz,Male,Empl ID: 005536606 ,2
912,Kofi Warren,Male,Empl ID: 005692045 ,10
913,Christina Myers,Not Set,Empl ID: 003033930 ,12
914,Emma Graham,Female,Empl ID: 005864675 ,2
915,Lisa Carr,Female,Empl ID: 005248329 ,23
916,Chukwu Ortiz,Male,Empl ID: 005081656 ,29
917,Sarah Roberts,Female,Empl ID: 005801448 ,44
918,Meena Tan,Female,Empl ID: 005104733 ,12
919,Michelle Powell,Female,Empl ID: 005141656 ,40
920,Luis Morales,Male,Empl ID: 005402899 ,1
921,Jonathan Williams,Male,Empl ID: 005973488 ,3
922,Isaiah Hoang,Male,Empl ID: 005842264 ,2
923,Scott Gonzalez,Male,Empl ID: 005905450 ,7
924,Ethan Salcedo,Male,Empl ID: 005976148 ,2
925,Nicholas Parker,Male,Empl ID: 005326288 ,4
926,Jonathan Robinson,Male,Empl ID: 005629236 ,84
927,David Cruz Moreno,Male,Empl ID: 005966817 ,4
928,Angela Maloy,Female,Empl ID: 003165388 ,10
929,Steven Taylor,Male,Empl ID: 005928774 ,4
930,Terrell Morgan,Male,Empl ID: 005377492 ,6
931,Liam Morris,Male,Empl ID: 005444672 ,6
932,Logan Warren,Male,Empl ID: 005569041 ,11
933,Mason Soto,Male,Empl ID: 005528495 ,30
934,Daniela Macias,Female,Empl ID: 005054276 ,60
935,Marian Wallace,Female,Empl ID: 005246821 ,9
936,Denise Herrera,Female,Empl ID: 005664235 ,13
937,Lan Cruz Moreno,Female,Empl ID: 005037670 ,1
938,Benjamin Ramirez,Male,Empl ID: 005494108 ,5
939,Sarah Mehta,Female,Empl ID: 005240151 ,22
940,Tiffany Patterson,Female,Empl ID: 005726827 ,19
941,Mason Nunez,Male,Empl ID: 005498147 ,7
942,Logan White,Male,Empl ID: 005279771 ,20
943,Emily Griffin,Female,Empl ID: 003425110 ,11
944,Heather Mendoza,Female,Empl ID: 005236689 ,31
945,Veronica Price,Female,Empl ID: 005325695 ,8
946,Rachel Evans,Female,Empl ID: 005788538 ,3
947,Christina Hunt,Female,Empl ID: 003470619 ,9
948,Divya Campbell,Female,Empl ID: 005525581 ,1
949,Vinh Chen,Male,Empl ID: 005168503 ,10
950,Ravi McDonald,Male,Empl ID: 005065048 ,1
951,Ava Sullivan,Female,Empl ID: 005057853 ,1
952,Alexis Howard,Female,Empl ID: 005158291 ,11
953,Jose Alexander,Male,Empl ID: 005730689 ,11
954,Tanisha Hamilton,Female,Empl ID: 005649321 ,1
955,Maria Williams,Female,Empl ID: 005671499 ,2
956,Veronica Macias,Female,Empl ID: 005927068 ,40
957,Shreya Walker,Female,Empl ID: 005601994 ,3
958,Morgan Gutierrez,Female,Empl ID: 005027371 ,142
959,Stephanie Ortiz,Female,Empl ID: 005142006 ,5
960,Amanda Robinson,Female,Empl ID: 005784649 ,10
961,Aaliyah Stewart,Female,Empl ID: 005881882 ,57
962,Diana Cruz,Female,Empl ID: 003676537 ,7
963,Edward Cervantes,Male,Empl ID: 005141852 ,1
964,Nazyia Stone,Female,Empl ID: 005789478 ,5
965,Faith Williams,Female,Empl ID: 005871665 ,5
966,Gabriela James,Female,Empl ID: 005847667 ,1
967,Veronica Shah,Female,Empl ID: 005877830 ,4
968,Hana Mehta,Female,Empl ID: 005665745 ,2
969,Rebecca Harris,Female,Empl ID: 005333456 ,21
970,Aisha Jenkins,Female,Empl ID: 005434146 ,6
971,William Joshi,Male,Empl ID: 005368283 ,4
972,Rosa Martin,Female,Empl ID: 005988584 ,5
973,Nathan Tran,Male,Empl ID: 005626514 ,8
974,Anh Santos,Female,Empl ID: 005719769 ,13
975,Jennifer Moua,Female,Empl ID: 005406885 ,1
976,Erica Allen,Female,Empl ID: 005465026 ,1
977,Hope Brooks,Female,Empl ID: 005384711 ,27
978,Aiden Hughes,Male,Empl ID: 005514101 ,3
979,Ethan Bailey,Male,Empl ID: 005079223 ,1
980,Victor Wallace,Male,Empl ID: 005343032 ,10
981,Bao Murray,Male,Empl ID: 005198535 ,11
982,Lucia Hernandez,Female,Empl ID: 005211845 ,1
983,Tyler McDonald,Male,Empl ID: 003717784 ,8
984,Alejandra Hughes,Female,Empl ID: 005527179 ,16
985,Ethan Rao,Male,Empl ID: 005625567 ,9
986,Shreya Boyd,Female,Empl ID: 005547017 ,14
987,Patrick Hill,Male,Empl ID: 005587868 ,1
988,Michael Nunez,Male,Empl ID: 005835202 ,9
989,Isabel Adams,Female,Empl ID: 005669826 ,4
990,Tanisha Lee,Female,Empl ID: 005804210 ,3
991,Lucia White,Female,Empl ID: 005932454 ,19
992,Elijah Bui,Male,Empl ID: 005850046 ,47
993,Sanjay Jimenez,Male,Empl ID: 005941396 ,74
994,Alex Graham,Male,Empl ID: 005366723 ,37
995,Bao Nair,Male,Empl ID: 005196267 ,5
996,Arjun Nguyen,Male,Empl ID: 005951528 ,9
997,Zach Watson,Male,Empl ID: 005504359 ,17
998,Trevor Taylor,Male,Empl ID: 005694995 ,7
999,Tuan Reed,Male,Empl ID: 005083854 ,7
1000,Lucas Sanchez,Male,Empl ID: 005501466 ,18
1001,Monique Wallace,Female,Empl ID: 005379790 ,5
1002,Camila Davis,Female,Empl ID: 005914857 ,2
1003,Sierra Campos,Female,Empl ID: 005716818 ,3
1004,Shreya Kim,Female,Empl ID: 005592143 ,14
1005,Justin Miller,Male,Empl ID: 003993849 ,6
1006,Bao Cruz,Male,Empl ID: 005447077 ,9
1007,Xiomara Rao,Not Set,Empl ID: 005835032 ,15
1008,Priya Bui,Female,Empl ID: 005087220 ,3
1009,Kwame Williams,Male,Empl ID: 005281876 ,16
1010,Samuel Kim,Male,Empl ID: 005839834 ,10
1011,Devin Green,Male,Empl ID: 005390040 ,1
1012,David Fisher,Male,Empl ID: 005766380 ,45
1013,Jessica Park,Female,Empl ID: 003156090 ,3
1014,Gabriela Wu,Female,Empl ID: 005830760 ,1
1015,Benjamin Perry,Male,Empl ID: 005197340 ,1
1016,Isabel Hughes,Female,Empl ID: 005557158 ,1
1017,Anita Bui,Female,Empl ID: 005290103 ,6
1018,Veronica Lopez,Female,Empl ID: 005422954 ,4
1019,Aisha Vo,Female,Empl ID: 005584020 ,3
1020,Robert Price,Male,Empl ID: 005902352 ,14
1021,Kofi Nair,Male,Empl ID: 005123637 ,9
1022,Nathan Parker,Male,Empl ID: 005296181 ,9
1023,Jamal Yang,Male,Empl ID: 005704626 ,10
1024,Tiffany Graham,Female,Empl ID: 005798778 ,13
1025,Melissa Turner,Female,Empl ID: 005842054 ,1
1026,Nathan Avila-Chavez,Male,Empl ID: 005160593 ,3
1027,Patricia Burns,Female,Empl ID: 005667493 ,1
1028,Linh Soto,Female,Empl ID: 005537474 ,6
1029,Gabriela Ross,Female,Empl ID: 005939400 ,5
1030,Monique Fisher,Female,Empl ID: 005610707 ,25
1031,Kendrick Wallace,Male,Empl ID: 005621815 ,31
1032,Victor Anderson,Male,Empl ID: 005461949 ,7
1033,Alexis Ngo,Female,Empl ID: 005441218 ,3
1034,Malik Garcia,Male,Empl ID: 003218504 ,11
1035,Vinh Patterson,Male,Empl ID: 005521653 ,3
1036,Terrell Reddy,Male,Empl ID: 005492250 ,5
1037,Brittany Peterson,Female,Empl ID: 005113244 ,23
1038,Yolanda Vargas,Female,Empl ID: 005482430 ,2
1039,Alex Gibson,Male,Empl ID: 005645960 ,18
1040,Christopher Singh,Male,Empl ID: 005750296 ,15
1041,Morgan Ramirez,Female,Empl ID: 005312443 ,1
1042,Aaliyah Rogers,Female,Empl ID: 005981947 ,23
1043,Rebecca Lim,Female,Empl ID: 005147743 ,15
1044,Arjun Owens,Male,Empl ID: 003108402 ,6
1045,Hana Hernandez,Female,Empl ID: 003376266 ,2
1046,Tamara Maloy,Female,Empl ID: 005627340 ,2
1047,Melissa Wright,Female,Empl ID: 005292338 ,3
1048,Ava De La Torre,Female,Empl ID: 005996117 ,12
1049,Elena Ward,Female,Empl ID: 005498294 ,1
1050,Claudia Patel,Female,Empl ID: 005800648 ,10
1051,Gabriel Henderson,Male,Empl ID: 005380981 ,1
1052,Rylee Gupta,Female,Empl ID: 005378466 ,4
1053,Aaron Tran,Male,Empl ID: 005216531 ,6
1054,Kavita Rogers,Female,Empl ID: 005024409 ,191
1055,Sierra Freeman,Female,Empl ID: 005724534 ,1
1056,Samantha Rao,Female,Empl ID: 005808344 ,46
1057,Patricia Herrera,Female,Empl ID: 005954769 ,7
1058,Divya Ford,Female,Empl ID: 005728433 ,10
1059,Michelle Shah,Female,Empl ID: 005531695 ,7
1060,Kofi Boyd,Male,Empl ID: 005642235 ,10
1061,Naomi Stone,Female,Empl ID: 005393782 ,4
1062,Frank Hall,Male,Empl ID: 005228457 ,45
1063,Brianna James,Female,Empl ID: 005611852 ,3
1064,Tariq Campos,Male,Empl ID: 005415693 ,28
1065,Edward Murphy,Male,Empl ID: 005474105 ,2
1066,Madison Patel,Female,Empl ID: 005100511 ,5
1067,Mai Ramos,Female,Empl ID: 005461240 ,1
1068,Gabriela Bui,Female,Empl ID: 005559104 ,11
1069,James Rose,Male,Empl ID: 005136566 ,45
1070,Elizabeth Garcia,Female,Empl ID: 003212314 ,5
1071,Yusuf Hoang,Male,Empl ID: 005315955 ,4
1072,James Gupta,Male,Empl ID: 005882574 ,1
1073,Rosa Marshall,Female,Empl ID: 005820126 ,4
1074,Carlos Price,Male,Empl ID: 005120294 ,1
1075,Justin Watson,Male,Empl ID: 005740785 ,1
1076,Aria Ortiz,Female,Empl ID: 005377205 ,8
1077,Aaliyah Campbell,Female,Empl ID: 005697874 ,37
1078,Neha Nunez,Female,Empl ID: 005510097 ,192
1079,Omar Baker,Male,Empl ID: 005670498 ,2
1080,Brooke Medina,Female,Empl ID: 005920640 ,44
1081,Brianna Clark,Female,Empl ID: 005385138 ,8
1082,Derek Ly,Male,Empl ID: 005132569 ,4
1083,Justin Rogers,Male,Empl ID: 005971089 ,10
1084,Malik Cook,Male,Empl ID: 005770171 ,6
1085,Heather Lee,Female,Empl ID: 005679672 ,6
1086,Brian Herrera,Male,Empl ID: 005309213 ,3
1087,Henry Jackson,Not Set,Empl ID: 003052022 ,1
1088,Lisa Ross,Female,Empl ID: 005545141 ,1
1089,Katerina Gupta,Female,Empl ID: 005281219 ,14
1090,Phuong Clark,Female,Empl ID: 005900507 ,4
1091,Nicholas Tucker,Male,Empl ID: 005089081 ,2
1092,Luis Hunt,Male,Empl ID: 005586214 ,6
1093,Michael Davis,Male,Empl ID: 005549675 ,17
1094,Rosa Perry,Female,Empl ID: 005260586 ,7
1095,Aaliyah Bui,Female,Empl ID: 005149749 ,2
1096,Aaliyah Harrison,Female,Empl ID: 005672134 ,33
1097,Liam Avila-Chavez,Male,Empl ID: 005883562 ,54
1098,Latoya Vu,Female,Empl ID: 005997372 ,11
1099,Mark Perez,Male,Empl ID: 005508192 ,23
1100,Ravi Alexander,Male,Empl ID: 005681251 ,33
1101,Hector Coleman,Male,Empl ID: 005451119 ,28
1102,Jonathan Hoang,Male,Empl ID: 005920258 ,13
1103,Brandon Avila-Chavez,Male,Empl ID: 005602996 ,13
1104,Jasmine Rivera,Female,Empl ID: 005666068 ,12
1105,Crystal Cole,Female,Empl ID: 005419737 ,1
1106,Trevor Moua,Male,Empl ID: 005527376 ,15
1107,Erik Rodriguez,Male,Empl ID: 003991376 ,1
1108,Mai Brooks,Female,Empl ID: 005259315 ,2
1109,Camila Woods,Female,Empl ID: 005437831 ,36
1110,Elena Carter,Female,Empl ID: 005789401 ,19
1111,Rylee White,Female,Empl ID: 005654466 ,48
1112,William Vu,Male,Empl ID: 005601456 ,4
1113,Sofia Morgan,Female,Empl ID: 005523309 ,1
1114,Aaliyah Wright,Female,Empl ID: 005547018 ,4
1115,Brianna Tan,Female,Empl ID: 005734147 ,6
1116,Mia Gutierrez,Female,Empl ID: 005490134 ,6
1117,Denise Singh,Female,Empl ID: 005564111 ,28
1118,Emma King,Female,Empl ID: 005063867 ,3
1119,Gabriela Long,Female,Empl ID: 005830334 ,9
1120,Steven Ngo,Male,Empl ID: 005302217 ,1
1121,Linh Reynolds,Female,Empl ID: 005782740 ,11
1122,Brittany Moore,Female,Empl ID: 005273325 ,6
1123,Jonathan Maloy,Male,Empl ID: 003903036 ,2
1124,Divya Tan,Female,Empl ID: 005104207 ,4
1125,Aisha Vu,Female,Empl ID: 005372824 ,4
1126,Chukwu Potter,Male,Empl ID: 005599663 ,4
1127,Isabel McDonald,Female,Empl ID: 005482303 ,72
1128,Olivia Cheng,Female,Empl ID: 005055383 ,5
1129,Melissa Stewart,Female,Empl ID: 005230356 ,4
1130,Mason Gray,Male,Empl ID: 005046777 ,1
1131,Destiny Young,Female,Empl ID: 005076516 ,2
1132,Isabella Graham,Female,Empl ID: 005159144 ,4
1133,Sandra Sharma,Female,Empl ID: 005082775 ,2
1134,Hoa Ngo,Female,Empl ID: 005716203 ,41
1135,Thao Kumar,Male,Empl ID: 005765111 ,4
1136,Brianna Gray,Female,Empl ID: 005344075 ,36
1137,Sunita Moore,Female,Empl ID: 005760774 ,6
1138,Lauren Carter,Female,Empl ID: 005249120 ,6
1139,Destiny Soto,Female,Empl ID: 005775907 ,5
1140,Brandon Murphy,Male,Empl ID: 005620452 ,6
1141,Destiny Cervantes,Female,Empl ID: 005574431 ,66
1142,Wei Gutierrez,Male,Empl ID: 005522132 ,1
1143,Jasmine Lopez,Female,Empl ID: 005453325 ,1
1144,Omar Ward,Male,Empl ID: 005563534 ,3
1145,Kevin Dang,Male,Empl ID: 003583769 ,6
1146,David Rose,Male,Empl ID: 005608797 ,15
1147,Emmanuel Ross,Male,Empl ID: 005246264 ,11
1148,Steven Myers,Male,Empl ID: 005211895 ,3
1149,Rylee Desai,Female,Empl ID: 005975768 ,24
1150,Steven Ward,Male,Empl ID: 005888896 ,24
1151,Brianna Ramirez,Female,Empl ID: 005647078 ,7
1152,Hassan Potter,Male,Empl ID: 005675671 ,22
1153,Duc Cheng,Male,Empl ID: 005521325 ,8
1154,Tariq Skiles,Male,Empl ID: 005947952 ,2
1155,Thu Potter,Female,Empl ID: 005785608 ,15
1156,Maria Santos,Female,Empl ID: 005425937 ,6
1157,Divya Hunter,Female,Empl ID: 005788957 ,6
1158,Chukwu Carr,Male,Empl ID: 005604229 ,47
1159,Ethan Adams,Male,Empl ID: 005931754 ,1
1160,Henry Vega-Ruiz,Male,Empl ID: 005581558 ,1
1161,Marisol Burns,Female,Empl ID: 005389258 ,1
1162,Isabel Boyd,Female,Empl ID: 005107690 ,3
1163,Chukwu Vo,Male,Empl ID: 005796158 ,4
1164,Benjamin Sanchez,Male,Empl ID: 005002792 ,1
1165,Gabriela Kim,Female,Empl ID: 005853885 ,1
1166,Kavita Gonzalez,Female,Empl ID: 005915087 ,2
1167,Naomi Davis,Female,Empl ID: 003055509 ,192
1168,Emeka Do,Male,Empl ID: 005789535 ,75
1169,Devin Ochoa,Male,Empl ID: 005559839 ,3
1170,Omar Reyes,Male,Empl ID: 005502669 ,3
1171,Omar Murphy,Male,Empl ID: 005241515 ,1
1172,Zach Reynolds,Male,Empl ID: 005729160 ,1
1173,Andrew Tan,Male,Empl ID: 005299133 ,5
1174,Grace Lin,Female,Empl ID: 005232539 ,1
1175,Adam Martinez,Male,Empl ID: 005381953 ,5
1176,Peter Tucker,Male,Empl ID: 005010331 ,1
1177,Nazyia Joshi,Female,Empl ID: 005907067 ,2
1178,Jordan Do,Male,Empl ID: 005534824 ,7
1179,Tobias Evans,Male,Empl ID: 005928378 ,9
1180,Heather Bryant,Female,Empl ID: 005722119 ,10
1181,Thomas Coleman,Male,Empl ID: 005547960 ,1
1182,Justin Evans,Male,Empl ID: 005370838 ,19
1183,Vanessa Dixon,Female,Empl ID: 005030969 ,2
1184,Liam Ly,Male,Empl ID: 005155760 ,14
1185,Lucia Bell,Female,Empl ID: 005846822 ,5
1186,Trevor Howard,Male,Empl ID: 005058229 ,1
1187,Tobias Owens,Male,Empl ID: 005443944 ,3
1188,Darius Soto,Male,Empl ID: 005446514 ,9
1189,Amber Owens,Female,Empl ID: 005137274 ,13
1190,Jennifer Hill,Female,Empl ID: 005737373 ,4
1191,Brenda Garcia,Female,Empl ID: 005785981 ,51
1192,Kavita Tucker,Female,Empl ID: 005911953 ,24
1193,Erica Truong,Female,Empl ID: 005704376 ,4
1194,Melissa Cheng,Female,Empl ID: 005025171 ,16
1195,Trevor Johnson,Male,Empl ID: 005089995 ,91
1196,Steven Murray,Male,Empl ID: 005433200 ,94
1197,Mark Howard,Male,Empl ID: 005356354 ,1
1198,Maria Macias,Female,Empl ID: 005439614 ,1
1199,Emma Wallace,Female,Empl ID: 005633805 ,47
1200,Alexis Cervantes,Female,Empl ID: 005400813 ,1
1201,Rosa Campos,Female,Empl ID: 005796588 ,1
1202,Jessica Simpson,Female,Empl ID: 005711224 ,3
1203,Melissa Cole,Female,Empl ID: 005171702 ,10
1204,Steven Wallace,Male,Empl ID: 005902716 ,5
1205,Jasmine Cook,Female,Empl ID: 005756843 ,2
1206,Leila Anderson,Female,Empl ID: 005268047 ,2
1207,Alexis Thomas,Female,Empl ID: 005196655 ,2
1208,Valentina Turner,Female,Empl ID: 005660343 ,2
1209,Mia Stewart,Female,Empl ID: 005048952 ,150
1210,Isabel Kim,Female,Empl ID: 005036396 ,8
1211,Aaliyah Morgan,Female,Empl ID: 003982872 ,20
1212,Minh Turner,Male,Empl ID: 005647170 ,3
1213,Marcus Hamilton,Male,Empl ID: 005119379 ,4
1214,Sarah Tucker,Female,Empl ID: 005122187 ,2
1215,Brittany Long,Female,Empl ID: 005900693 ,1
1216,Tristan Hayes,Male,Empl ID: 005694358 ,1
1217,Miguel Fisher,Male,Empl ID: 005713235 ,1
1218,Samuel Foster,Male,Empl ID: 005651880 ,1
1219,Emeka Watson,Male,Empl ID: 003370439 ,1
1220,Elena Thompson,Female,Empl ID: 005334126 ,38
1221,Adam Garcia,Male,Empl ID: 005826539 ,5
1222,Ava Herrera,Female,Empl ID: 005469154 ,36
1223,Patricia Adams,Female,Empl ID: 005075037 ,10
1224,Omar Mitchell,Male,Empl ID: 003161596 ,17
1225,Xiomara Burns,Female,Empl ID: 005321023 ,1
1226,Derek Foster,Male,Empl ID: 005738411 ,12
1227,Jose Marshall,Male,Empl ID: 005799420 ,16
1228,Yasmin Rodriguez,Female,Empl ID: 005861009 ,2
1229,Emmanuel Dinh,Male,Empl ID: 005363692 ,12
1230,Brian Gutierrez,Male,Empl ID: 005771404 ,12
1231,Ryan Rivera,Male,Empl ID: 005027889 ,2
1232,Omar Peterson,Male,Empl ID: 005317953 ,1
1233,Brandon Diaz,Male,Empl ID: 005580097 ,1
1234,Xiomara Desai,Female,Empl ID: 005227701 ,6
1235,Brenda Young,Female,Empl ID: 005818742 ,9
1236,Jose Rao,Male,Empl ID: 005164174 ,2
1237,Angela Reddy,Female,Empl ID: 005199985 ,6
1238,Lan Hughes,Female,Empl ID: 003144904 ,13
1239,Frank Ngo,Male,Empl ID: 005978877 ,13
1240,Daniel Russell,Male,Empl ID: 005633543 ,52
1241,Victor Hughes,Male,Empl ID: 005316792 ,35
1242,Camila Long,Female,Empl ID: 005836541 ,1
1243,Liam Morgan,Male,Empl ID: 005930620 ,63
1244,Kimberly Cox,Female,Empl ID: 005598338 ,3
1245,Juan Wong,Male,Empl ID: 005542343 ,25
1246,Mia Clark,Female,Empl ID: 005917320 ,6
1247,Duc Freeman,Male,Empl ID: 005010194 ,3
1248,Hope Gonzalez,Female,Empl ID: 005167937 ,1
1249,Isabella Huang,Female,Empl ID: 005057513 ,4
1250,Denise Hughes,Female,Empl ID: 005768760 ,1
1251,Yesenia Barnes,Female,Empl ID: 005566477 ,22
1252,Valentina Cheng,Female,Empl ID: 005660805 ,50
1253,Joseph Vega-Ruiz,Male,Empl ID: 005112576 ,2
1254,Tuan Simpson,Male,Empl ID: 005170236 ,9
1255,Larry Bryant,Male,Empl ID: 005938112 ,2
1256,Elizabeth Peterson,Female,Empl ID: 005329459 ,2
1257,Karen Cooper,Female,Empl ID: 005060385 ,17
1258,Darius Patterson,Male,Empl ID: 005289025 ,5
1259,Diana Carter,Female,Empl ID: 005802110 ,69
1260,Luis Soto,Male,Empl ID: 003866194 ,3
1261,Kayla Jones,Female,Empl ID: 005923009 ,23
1262,Kayla Gray,Female,Empl ID: 003083126 ,6
1263,Rahul Simpson,Male,Empl ID: 005793016 ,17
1264,Hope Nelson,Female,Empl ID: 005469980 ,3
1265,Nazyia Mendoza,Female,Empl ID: 005857544 ,5
1266,Crystal Wilson,Not Set,Empl ID: 005945480 ,5
1267,Alexis Johnson,Female,Empl ID: 005078470 ,2
1268,Kavita Pham,Female,Empl ID: 005488325 ,14
1269,Hoa Mendoza,Female,Empl ID: 005837416 ,14
1270,Robert Robinson,Male,Empl ID: 005059903 ,13
1271,Yasmin Sanchez,Female,Empl ID: 005765317 ,51
1272,Brooke Woods,Female,Empl ID: 005943007 ,45
1273,Tariq Bailey,Male,Empl ID: 005702403 ,3
1274,Edward Medina,Male,Empl ID: 005782459 ,9
1275,Larry Torres,Male,Empl ID: 005797114 ,2
1276,Ethan Singh,Male,Empl ID: 005969416 ,6
1277,Erica Huang,Female,Empl ID: 005365592 ,2
1278,Christina Bailey,Female,Empl ID: 005405225 ,58
1279,Morgan Desai,Female,Empl ID: 005966545 ,9
1280,Rahul Wood,Male,Empl ID: 005836634 ,4
1281,Scott Lopez,Male,Empl ID: 005492322 ,31
1282,Mason Brooks,Male,Empl ID: 005825910 ,1
1283,Lucia Cruz Moreno,Female,Empl ID: 005675116 ,1
1284,Juan Roberts,Male,Empl ID: 005637742 ,17
1285,Jason Myers,Male,Empl ID: 005028774 ,6
1286,Luis Sanchez,Male,Empl ID: 005853789 ,8
1287,Henry Young,Male,Empl ID: 005231768 ,1
1288,Luis Powell,Male,Empl ID: 005253570 ,5
1289,Luis Ochoa,Male,Empl ID: 005474586 ,100
1290,Mia Wood,Female,Empl ID: 005586025 ,18
1291,Nazyia West,Female,Empl ID: 005258940 ,7
1292,Khaled Rao,Male,Empl ID: 005045837 ,3
1293,Kofi Kelly,Male,Empl ID: 005220871 ,3
1294,Jasmine Castillo,Female,Empl ID: 005620706 ,1
1295,Paige Stone,Female,Empl ID: 005448625 ,8
1296,Anh Rivera,Female,Empl ID: 005292238 ,19
1297,Morgan Hunter,Female,Empl ID: 005892370 ,1
1298,Hector Owens,Male,Empl ID: 005417028 ,2
1299,Amir Perez,Male,Empl ID: 005268836 ,1
1300,Omar Diaz,Male,Empl ID: 005663299 ,1
1301,Gabriel Webb,Male,Empl ID: 005562855 ,6
1302,Diana Robinson,Female,Empl ID: 005664766 ,1
1303,Mason Bui,Male,Empl ID: 005262974 ,13
1304,Brittany Rogers,Female,Empl ID: 005146304 ,16
1305,Yen Vu,Female,Empl ID: 005327373 ,4
1306,Grace Lam,Female,Empl ID: 005245610 ,1
1307,Maria Hunter,Female,Empl ID: 005207256 ,1
1308,Yasmin Robertson,Female,Empl ID: 005477312 ,33
1309,Rebecca Potter,Female,Empl ID: 005780618 ,1
1310,Sofia Diaz,Female,Empl ID: 003491856 ,3
1311,Terrell Nunez,Male,Empl ID: 005080459 ,1
1312,Lauren Skiles,Female,Empl ID: 005759124 ,18
1313,Devin Russell,Male,Empl ID: 005763723 ,2
1314,Nicole Huang,Female,Empl ID: 005649416 ,10
1315,Daniel Wallace,Male,Empl ID: 005610798 ,12
1316,Jonathan Ross,Male,Empl ID: 005636593 ,79
1317,Angela Aguilar,Female,Empl ID: 005813991 ,4
1318,Kevin Bui,Male,Empl ID: 005879785 ,9
1319,Marian Lewis,Female,Empl ID: 005463889 ,1
1320,Xiomara Garcia,Female,Empl ID: 005174202 ,31
1321,Jamal Martinez,Male,Empl ID: 005571260 ,2
1322,Jonathan Graham,Male,Empl ID: 005206917 ,2
1323,Brianna Reyes,Female,Empl ID: 005512790 ,5
1324,Peter Wong,Male,Empl ID: 005966280 ,1
1325,Ashley Fisher,Female,Empl ID: 005642413 ,8
1326,Kofi Evans,Male,Empl ID: 005287411 ,22
1327,Nazyia Rogers,Female,Empl ID: 005830362 ,8
1328,Samantha Coleman,Female,Empl ID: 005068885 ,1
1329,Taylor Le,Female,Empl ID: 005418493 ,5
1330,Kayla Hayes,Female,Empl ID: 005269864 ,16
1331,Zoe Ellis,Female,Empl ID: 005938501 ,1
1332,William Sharma,Male,Empl ID: 005469950 ,1
1333,Omar Lam,Male,Empl ID: 005007452 ,20
1334,Hana Lee,Female,Empl ID: 005557061 ,8
1335,Frank Cook,Male,Empl ID: 005217235 ,10
1336,Zach Rogers,Male,Empl ID: 005214427 ,82
1337,Victor Fox,Male,Empl ID: 005785056 ,11
1338,Brianna Owens,Female,Empl ID: 003378740 ,14
1339,Victor Reyes,Male,Empl ID: 005804588 ,192
1340,Naomi Sullivan,Female,Empl ID: 005229254 ,4
1341,Jamal Pham,Male,Empl ID: 005777790 ,2
1342,Yesenia Le,Female,Empl ID: 005358061 ,10
1343,Amber Long,Female,Empl ID: 005731014 ,10
1344,Peter Clark,Male,Empl ID: 005915923 ,3
1345,Erica Perez,Female,Empl ID: 003482596 ,1
1346,Felix Bennett,Male,Empl ID: 005665715 ,157
1347,Hana Reyes,Female,Empl ID: 005121137 ,9
1348,Brian Rose,Male,Empl ID: 003908408 ,2
1349,Elijah Ortiz,Male,Empl ID: 005971470 ,21
1350,Anita Kumar,Female,Empl ID: 005098163 ,5
1351,Lucas Peterson,Male,Empl ID: 005217917 ,4
1352,Natalie West,Female,Empl ID: 005337339 ,12
1353,Xiomara Carr,Female,Empl ID: 005103447 ,1
1354,Thu Medina,Female,Empl ID: 005499081 ,9
1355,Ravi Macias,Male,Empl ID: 005400473 ,88
1356,Steven Harris,Male,Empl ID: 005263766 ,11
1357,Mason Torres,Male,Empl ID: 005805525 ,3
1358,Gabriela Carr,Female,Empl ID: 005392862 ,3
1359,Justin Robinson,Male,Empl ID: 005551232 ,3
1360,Mark Brooks,Male,Empl ID: 005598213 ,4
1361,Thu Bennett,Female,Empl ID: 005151098 ,3
1362,Amber Morris,Female,Empl ID: 005238297 ,21
1363,Crystal Zulmai,Female,Empl ID: 005199364 ,1
1364,Keisha Owens,Female,Empl ID: 005980169 ,19
1365,Samantha Desai,Female,Empl ID: 005724492 ,3
1366,Daniel Soto,Male,Empl ID: 005759393 ,10
1367,Darius Phillips,Male,Empl ID: 005297419 ,1
1368,Nadia Bailey,Female,Empl ID: 005007815 ,38
1369,Duc Fisher,Male,Empl ID: 005973319 ,33
1370,Peter Johnson,Male,Empl ID: 005110946 ,22
1371,Caleb Torres,Male,Empl ID: 005369801 ,1
1372,Diana Desai,Female,Empl ID: 005738009 ,18
1373,Patricia Walker,Female,Empl ID: 005314170 ,10
1374,Gabriel Skiles,Male,Empl ID: 005118768 ,1
1375,Pooja Rivera,Female,Empl ID: 005626705 ,5
1376,Larry Lopez,Male,Empl ID: 005499659 ,9
1377,Kayla Park,Female,Empl ID: 005838431 ,12
1378,Priya Foster,Female,Empl ID: 005638487 ,7
1379,Shreya Mitchell,Female,Empl ID: 005054315 ,8
1380,Tristan Singh,Male,Empl ID: 005390372 ,47
1381,Paige Mendoza,Female,Empl ID: 005704674 ,33
1382,Haley Cox,Female,Empl ID: 003139713 ,1
1383,Mason Cheng,Male,Empl ID: 005814646 ,3
1384,David Herrera,Male,Empl ID: 005233013 ,4
1385,Emmanuel Martin,Male,Empl ID: 005087374 ,1
1386,Gabriel Thompson,Male,Empl ID: 005794872 ,6
1387,Rylee Sanchez,Female,Empl ID: 005742106 ,34
1388,Terrell Reed,Male,Empl ID: 005262831 ,1
1389,Peter Alexander,Male,Empl ID: 005253693 ,9
1390,Heather Shah,Female,Empl ID: 005711000 ,1
1391,Keisha Stone,Female,Empl ID: 005715567 ,2
1392,Nadia Brown,Female,Empl ID: 005018179 ,47
1393,Adam Young,Male,Empl ID: 005898137 ,3
1394,Patrick Brown,Male,Empl ID: 005452284 ,11
1395,Camila Rogers,Female,Empl ID: 005184434 ,1
1396,Lauren Sanchez,Female,Empl ID: 005835133 ,82
1397,Lisa Reed,Female,Empl ID: 005550614 ,13
1398,Alex Barnes,Male,Empl ID: 005056577 ,4
1399,Emma West,Female,Empl ID: 005616558 ,13
1400,Kayla Gibson,Female,Empl ID: 005278866 ,1
1401,Brittany Kumar,Female,Empl ID: 005622028 ,31
1402,Elena Hunt,Female,Empl ID: 005002208 ,3
1403,Huong Lee,Female,Empl ID: 005357525 ,4
1404,Morgan Wang,Female,Empl ID: 003048468 ,3
1405,Neha Edwards,Female,Empl ID: 005449117 ,2
1406,Tuan Thomas,Male,Empl ID: 005398701 ,15
1407,Yolanda Taylor,Female,Empl ID: 005995091 ,8
1408,Isabella Flores,Female,Empl ID: 005392856 ,14
1409,Katerina Hunter,Female,Empl ID: 005563826 ,5
1410,Isabel Vo,Female,Empl ID: 005657334 ,12
1411,Nazyia Dang,Female,Empl ID: 003123257 ,3
1412,Brian Edwards,Male,Empl ID: 005108158 ,139
1413,Jasmine Graham,Female,Empl ID: 005597027 ,1
1414,Faith Torres,Female,Empl ID: 005840886 ,34
1415,Rylee Nguyen,Female,Empl ID: 005053090 ,40
1416,Shreya Patel,Female,Empl ID: 005463225 ,2
1417,Aaron Castillo,Male,Empl ID: 005322575 ,139
1418,Marisol Le,Female,Empl ID: 005692195 ,23
1419,Omar Perry,Male,Empl ID: 005794431 ,22
1420,Haley Harrison,Female,Empl ID: 005977256 ,6
1421,Tariq Flores,Male,Empl ID: 005076281 ,4
1422,Kavita Taylor,Female,Empl ID: 005015023 ,4
1423,Leila Robinson,Female,Empl ID: 005879597 ,10
1424,Faith Bailey,Female,Empl ID: 005275727 ,42
1425,Joseph Kelly,Male,Empl ID: 005429883 ,7
1426,Emmanuel Tucker,Male,Empl ID: 005544368 ,1
1427,Ravi Wood,Male,Empl ID: 005367998 ,18
1428,Luis Mendoza,Male,Empl ID: 005606226 ,21
1429,Miguel Reed,Male,Empl ID: 005353058 ,14
1430,Omar Johnson,Male,Empl ID: 005549605 ,16
1431,Edward Boyd,Male,Empl ID: 005203796 ,4
1432,Linh Truong,Female,Empl ID: 005857022 ,1
1433,Naomi James,Female,Empl ID: 005920762 ,2
1434,Brandon Kim,Male,Empl ID: 005768061 ,1
1435,Neha Morris,Female,Empl ID: 005818709 ,8
1436,Lauren Flores,Female,Empl ID: 005638083 ,5
1437,Vanessa Hoang,Female,Empl ID: 005253530 ,3
1438,Naomi Taylor,Female,Empl ID: 005627305 ,1
1439,Robert Evans,Male,Empl ID: 005201323 ,1
1440,Tristan Price,Male,Empl ID: 005440633 ,28
1441,Chloe Campos,Female,Empl ID: 005233211 ,2
1442,Haley Hill,Female,Empl ID: 005323299 ,9
1443,Zoe Martinez,Female,Empl ID: 005444625 ,1
1444,Stephanie Macias,Female,Empl ID: 005694131 ,44
1445,Katerina Sullivan,Female,Empl ID: 005876611 ,4
1446,Veronica Sullivan,Female,Empl ID: 005427147 ,8
1447,Anthony Zulmai,Male,Empl ID: 005755310 ,160
1448,David Cole,Male,Empl ID: 005214351 ,50
1449,Sean Cox,Male,Empl ID: 005426334 ,4
1450,Mason Jones,Male,Empl ID: 003601367 ,2
1451,Henry Woods,Male,Empl ID: 005306031 ,3
1452,Jose Nunez,Male,Empl ID: 005024872 ,12
1453,Pooja Ly,Female,Empl ID: 005963119 ,5
1454,Frank Moua,Male,Empl ID: 005574970 ,3
1455,Maria Hayes,Female,Empl ID: 005376407 ,46
1456,Derek Bryant,Male,Empl ID: 005774667 ,5
1457,Zoe Cole,Female,Empl ID: 005544872 ,154
1458,Ravi Stone,Male,Empl ID: 005241132 ,6
1459,Angela Jimenez,Female,Empl ID: 005116837 ,73
1460,Tamara Hunter,Female,Empl ID: 005960912 ,9
1461,Morgan Sharma,Female,Empl ID: 005701541 ,22
1462,Tanisha Moore,Female,Empl ID: 005241591 ,2
1463,Vanessa Johnson,Female,Empl ID: 005206438 ,2
1464,Hana Gutierrez,Female,Empl ID: 005857553 ,11
1465,Logan Cook,Male,Empl ID: 005624119 ,23
1466,Samuel Medina,Male,Empl ID: 005225700 ,6
1467,Shreya De La Torre,Female,Empl ID: 005839350 ,1
1468,Taylor Stewart,Female,Empl ID: 005357277 ,1
1469,Omar Gonzalez,Male,Empl ID: 005477985 ,1
1470,Madison Joshi,Female,Empl ID: 005979006 ,1
1471,Noah Morris,Male,Empl ID: 005530562 ,6
1472,Thao Morris,Male,Empl ID: 005631318 ,28
1473,Brenda Moore,Female,Empl ID: 005525771 ,5
1474,Emeka Park,Male,Empl ID: 005175356 ,1
1475,Kimberly Jimenez,Female,Empl ID: 005932527 ,4
1476,Monique Lam,Female,Empl ID: 005554308 ,4
1477,Peter Sharma,Male,Empl ID: 005618200 ,115
1478,Huy Fisher,Male,Empl ID: 005306613 ,1
1479,Sofia Cox,Female,Empl ID: 005910147 ,3
1480,Daniel Collins,Male,Empl ID: 005550270 ,65
1481,Anh Baker,Female,Empl ID: 005515253 ,11
1482,Amir Chen,Male,Empl ID: 005491763 ,12
1483,Priya Ramirez,Female,Empl ID: 005088472 ,6
1484,Justin Kumar,Male,Empl ID: 005747492 ,9
1485,Natalie Morales,Female,Empl ID: 005974467 ,17
1486,Alex Robinson,Male,Empl ID: 005642779 ,2
1487,Kendrick Scott,Male,Empl ID: 005820159 ,20
1488,Sierra Vargas,Female,Empl ID: 005805439 ,1
1489,Kevin Davis,Male,Empl ID: 005278746 ,9
1490,Khaled Foster,Male,Empl ID: 005412205 ,7
1491,Christopher Herrera,Male,Empl ID: 005732676 ,2
1492,Tristan Perry,Male,Empl ID: 005932745 ,5
1493,Daniel Singh,Male,Empl ID: 005437975 ,2
1494,Zoe Vo,Female,Empl ID: 005801270 ,1
1495,Andrew Hunter,Male,Empl ID: 005267585 ,3
1496,Natalie Gibson,Female,Empl ID: 005975299 ,1
1497,Michael Vo,Male,Empl ID: 005918173 ,9
1498,Ravi Vega-Ruiz,Male,Empl ID: 005241976 ,1
1499,Brittany Baker,Female,Empl ID: 005406077 ,15
1500,Vikram Martin,Male,Empl ID: 005606486 ,1
1501,Ashley Harris,Female,Empl ID: 005182603 ,2
1502,Madison Ellis,Female,Empl ID: 005296944 ,2
1503,Melissa Joshi,Female,Empl ID: 005089060 ,38
1504,Isaiah Hunter,Male,Empl ID: 005083402 ,9
1505,Grace Wright,Female,Empl ID: 005209121 ,4
1506,Kendrick Bailey,Male,Empl ID: 005004204 ,11
1507,Linh Le,Female,Empl ID: 005350957 ,1
1508,Brianna De La Torre,Female,Empl ID: 005291048 ,5
1509,Daniela Warren,Female,Empl ID: 005173136 ,100
1510,Thomas Bell,Male,Empl ID: 005136203 ,7
1511,Emily Kelly,Female,Empl ID: 005513846 ,6
1512,Kwame Phillips,Male,Empl ID: 005538182 ,12
1513,Erik Perez,Male,Empl ID: 005580574 ,20
1514,Katerina Thompson,Female,Empl ID: 005920285 ,1
1515,Michael Flores,Male,Empl ID: 005533951 ,1
1516,Aisha Morris,Female,Empl ID: 005732543 ,7
1517,Ming Sanders,Male,Empl ID: 005974740 ,2
1518,Yolanda Lee,Female,Empl ID: 005196886 ,37
1519,Claudia Woods,Female,Empl ID: 005818496 ,3
1520,Vanessa Le,Female,Empl ID: 005200070 ,1
1521,Tamara Ochoa,Female,Empl ID: 005014867 ,1
1522,Patrick Bailey,Male,Empl ID: 005472065 ,1
1523,Marian Yee,Female,Empl ID: 005203211 ,4
1524,William Bennett,Male,Empl ID: 005574097 ,4
1525,Juan Green,Male,Empl ID: 005203880 ,3
1526,Hoa Le,Female,Empl ID: 005496419 ,26
1527,Anthony Edwards,Male,Empl ID: 005140214 ,31
1528,Nazyia Brown,Not Set,Empl ID: 005457304 ,4
1529,Adam Gonzales,Male,Empl ID: 005427194 ,1
1530,Kavita Hayes,Female,Empl ID: 005641295 ,13
1531,Kendrick Lin,Male,Empl ID: 005352222 ,12
1532,Sierra Patel,Female,Empl ID: 005743300 ,9
1533,Morgan Long,Female,Empl ID: 005222709 ,23
1534,Terrell Williams,Male,Empl ID: 005107789 ,1
1535,Rylee Wallace,Female,Empl ID: 005198303 ,101
1536,Monique Skiles,Female,Empl ID: 005990777 ,1
1537,Yusuf Macias,Male,Empl ID: 005757971 ,16
1538,William Turner,Male,Empl ID: 005176902 ,1
1539,Alejandra Hernandez,Female,Empl ID: 005931544 ,1
1540,Mark Powell,Male,Empl ID: 005220357 ,50
1541,Diana Gibson,Female,Empl ID: 005352923 ,4
1542,Mark Soto,Male,Empl ID: 005772831 ,19
1543,Nicole Alexander,Female,Empl ID: 005838207 ,8
1544,Pooja Wilson,Female,Empl ID: 005600681 ,5
1545,Larry Soto,Male,Empl ID: 005929440 ,40
1546,Kimberly Yang,Female,Empl ID: 005105941 ,4
1547,Marcus Anderson,Male,Empl ID: 005800215 ,1
1548,Henry Bryant,Male,Empl ID: 005950278 ,2
1549,Scott Murray,Male,Empl ID: 003574585 ,12
1550,Yusuf Cruz Moreno,Male,Empl ID: 005665129 ,10
1551,Liam Morales,Male,Empl ID: 005983971 ,1
1552,Jennifer Smith,Female,Empl ID: 005236947 ,2
1553,Lucia Vargas,Female,Empl ID: 005086064 ,2
1554,Larry Moua,Male,Empl ID: 005618448 ,3
1555,Daniela Ward,Female,Empl ID: 005380583 ,1
1556,Melissa Moore,Female,Empl ID: 005538967 ,2
1557,Isabel Truong,Female,Empl ID: 005567261 ,2
1558,Lisa Macias,Female,Empl ID: 005670721 ,17
1559,Erica Hill,Female,Empl ID: 005502374 ,18
1560,Hana Ochoa,Female,Empl ID: 005790061 ,4
1561,Morgan Webb,Female,Empl ID: 005201131 ,3
1562,Christopher Turner,Male,Empl ID: 005449047 ,7
1563,Valentina Phillips,Female,Empl ID: 005890364 ,2
1564,Leila Miller,Female,Empl ID: 005226358 ,1
1565,Chloe Aguilar,Female,Empl ID: 005666456 ,1
1566,Sierra Gonzales,Female,Empl ID: 005713786 ,2
1567,Terrell Turner,Male,Empl ID: 005694875 ,1
1568,Luis Russell,Male,Empl ID: 005490040 ,7
1569,Latoya Rivera,Female,Empl ID: 005975124 ,16
1570,Brianna McDonald,Female,Empl ID: 005727564 ,1
1571,Angela Allen,Female,Empl ID: 005572551 ,6
1572,Kimberly Mendoza,Female,Empl ID: 005324732 ,4
1573,Hoa Joshi,Female,Empl ID: 005332932 ,9
1574,Sierra Watson,Female,Empl ID: 005015201 ,5
1575,Monique Medina,Female,Empl ID: 005301211 ,1
1576,Melissa Ramirez,Female,Empl ID: 005869552 ,1
1577,Alexis Perez,Female,Empl ID: 003709329 ,6
1578,Olivia Hayes,Female,Empl ID: 005979953 ,24
1579,Brandon Hughes,Not Set,Empl ID: 005929605 ,1
1580,Neha Rice,Female,Empl ID: 005491845 ,9
1581,Daniel Nguyen,Male,Empl ID: 005617942 ,31
1582,Anita Hughes,Female,Empl ID: 005229586 ,4
1583,Yen Yang,Female,Empl ID: 005001524 ,12
1584,Erik Cheng,Male,Empl ID: 005188433 ,2
1585,Jonathan Dixon,Male,Empl ID: 005980859 ,5
1586,Stephanie Anderson,Female,Empl ID: 005558123 ,1
1587,Camila Kumar,Female,Empl ID: 005909834 ,1
1588,Sanjay Adams,Male,Empl ID: 005719892 ,22
1589,Denise Hernandez,Female,Empl ID: 005526864 ,1
1590,Elijah Vargas,Male,Empl ID: 005916016 ,3
1591,Kevin Ross,Male,Empl ID: 005315466 ,1
1592,Malik Nair,Male,Empl ID: 005086954 ,1
1593,Rebecca Mitchell,Female,Empl ID: 005061063 ,4
1594,Tamara Griffin,Female,Empl ID: 005061164 ,2
1595,James Gutierrez,Male,Empl ID: 005792589 ,10
1596,Nazyia Jimenez,Female,Empl ID: 005387917 ,11
1597,Thao Anderson,Male,Empl ID: 005994242 ,9
1598,Matthew Price,Male,Empl ID: 005715712 ,8
1599,Jamal Gibson,Male,Empl ID: 005145155 ,54
1600,Felix Ward,Male,Empl ID: 005986422 ,1
1601,Benjamin Johnson,Male,Empl ID: 005015970 ,5
1602,Christina Le,Female,Empl ID: 005977179 ,28
1603,Ryan Cooper,Male,Empl ID: 005997796 ,34
1604,Jason Parker,Male,Empl ID: 003695686 ,1
1605,Aiden Gibson,Male,Empl ID: 005788918 ,3
1606,Chloe Truong,Female,Empl ID: 005220408 ,39
1607,Karen Patel,Female,Empl ID: 005084804 ,11
1608,Kendrick De La Torre,Male,Empl ID: 005633752 ,7
1609,Lucia Hunt,Female,Empl ID: 005799398 ,4
1610,Vikram Ortiz,Male,Empl ID: 005955045 ,3
1611,Michelle Baker,Female,Empl ID: 005714552 ,8
1612,Katerina Rice,Female,Empl ID: 005290487 ,4
1613,Vikram Thomas,Male,Empl ID: 005101476 ,5
1614,Ashley Scott,Female,Empl ID: 005324013 ,6
1615,Ryan Gonzales,Male,Empl ID: 005102533 ,2
1616,Lauren Cook,Female,Empl ID: 005946585 ,12
1617,Latoya West,Female,Empl ID: 003642260 ,192
1618,Stephanie Thomas,Female,Empl ID: 005890403 ,1
1619,Mia Owens,Female,Empl ID: 005223679 ,9
1620,Matthew Tran,Male,Empl ID: 005310065 ,2
1621,Luis Wang,Male,Empl ID: 005262543 ,13
1622,Alexis Griffin,Female,Empl ID: 005826984 ,6
1623,Arjun Adams,Male,Empl ID: 005933808 ,17
1624,Aiden Campos,Male,Empl ID: 005780725 ,30
1625,Hassan Moua,Male,Empl ID: 005794059 ,7
1626,Vanessa Do,Female,Empl ID: 005683570 ,28
1627,Priya Tan,Female,Empl ID: 005741268 ,1
1628,Yen Liu,Female,Empl ID: 005367215 ,55
1629,Denise Bell,Female,Empl ID: 005369628 ,9
1630,James Freeman,Male,Empl ID: 005026801 ,26
1631,Samuel Wang,Male,Empl ID: 003456160 ,1
1632,Thao Flores,Male,Empl ID: 005820043 ,2
1633,Tuan Bui,Male,Empl ID: 005360393 ,7
1634,Christopher Wallace,Male,Empl ID: 005008789 ,5
1635,Mia Wong,Female,Empl ID: 005408944 ,8
1636,Jamal Mehta,Male,Empl ID: 005126797 ,27
1637,Keisha Thomas,Female,Empl ID: 005440859 ,1
1638,Nazyia Reyes,Female,Empl ID: 005965255 ,23
1639,Fatima Vo,Female,Empl ID: 005007246 ,6
1640,Vinh Nguyen,Male,Empl ID: 005509626 ,4
1641,Christina Kumar,Female,Empl ID: 005552049 ,1
1642,Kwame Ngo,Male,Empl ID: 003373109 ,11
1643,Yusuf Harrison,Male,Empl ID: 005227233 ,1
1644,Phuong Webb,Female,Empl ID: 005239261 ,14
1645,Yolanda Robinson,Female,Empl ID: 005582757 ,1
1646,Devin Warren,Male,Empl ID: 005750068 ,6
1647,Elena Gibson,Female,Empl ID: 005974639 ,5
1648,William Rivera,Male,Empl ID: 005856507 ,30
1649,Hope Woods,Female,Empl ID: 005883156 ,4
1650,Crystal Campbell,Female,Empl ID: 005433524 ,2
1651,Duc Burns,Male,Empl ID: 005655570 ,3
1652,Daniel Medina,Male,Empl ID: 005602745 ,35
1653,Wei Sanders,Male,Empl ID: 005022812 ,12
1654,Erik Cooper,Male,Empl ID: 005376982 ,3
1655,Lisa Morris,Female,Empl ID: 005107862 ,4
1656,Melissa Martin,Female,Empl ID: 003593884 ,1
1657,Veronica Zhou,Female,Empl ID: 005210413 ,10
1658,Huy Lim,Male,Empl ID: 005196050 ,1
1659,Derek Powell,Male,Empl ID: 005158760 ,16
1660,Xiomara Roberts,Female,Empl ID: 005915738 ,7
1661,Duc Miller,Male,Empl ID: 005603935 ,175
1662,Pooja Vargas,Female,Empl ID: 005586353 ,1
1663,Victor Scott,Male,Empl ID: 005413394 ,5
1664,Thao Patel,Male,Empl ID: 005340727 ,75
1665,Diego Ochoa,Male,Empl ID: 005313329 ,31
1666,Ethan Mitchell,Male,Empl ID: 005050001 ,2
1667,Ava Anderson,Female,Empl ID: 005574257 ,8
1668,Kwame Evans,Male,Empl ID: 005095201 ,6
1669,Kimberly Patel,Female,Empl ID: 005265537 ,8
1670,Ava Taylor,Female,Empl ID: 005593896 ,2
1671,Diana Nair,Female,Empl ID: 003243636 ,5
1672,Jamal Huang,Male,Empl ID: 005349907 ,1
1673,Tristan Moua,Male,Empl ID: 005848841 ,7
1674,Omar Vo,Male,Empl ID: 005497804 ,11
1675,Naomi Rodriguez,Female,Empl ID: 005690329 ,4
1676,Jonathan Anderson,Male,Empl ID: 005594338 ,1
1677,Jamal Griffin,Male,Empl ID: 005510767 ,23
1678,Alexis Ortiz,Female,Empl ID: 005091658 ,9
1679,Olivia McDonald,Female,Empl ID: 005146671 ,2
1680,Caleb Patterson,Male,Empl ID: 005367089 ,4
1681,Henry Gutierrez,Male,Empl ID: 005774998 ,1
1682,Jennifer Evans,Female,Empl ID: 005194823 ,1
1683,Luis Harris,Male,Empl ID: 005484004 ,3
1684,Emily Thompson,Female,Empl ID: 005430052 ,33
1685,Benjamin Miller,Male,Empl ID: 005232019 ,2
1686,Samuel Pham,Male,Empl ID: 005714468 ,14
1687,Elizabeth Reyes,Female,Empl ID: 005466390 ,3
1688,Edward Gibson,Male,Empl ID: 005816529 ,8
1689,Marcus Salcedo,Male,Empl ID: 005760478 ,4
1690,Daniel Roberts,Male,Empl ID: 005032407 ,20
1691,Khaled Griffin,Male,Empl ID: 005053355 ,3
1692,Duc Aguilar,Male,Empl ID: 005488811 ,1
1693,Taylor Mitchell,Female,Empl ID: 005912276 ,1
1694,Isaiah Alexander,Male,Empl ID: 005565836 ,3
1695,Samuel Skiles,Male,Empl ID: 003706593 ,1
1696,Caleb Morales,Male,Empl ID: 005616314 ,10
1697,Joseph Hunter,Male,Empl ID: 005469608 ,3
1698,Olivia Hamilton,Female,Empl ID: 005546715 ,172
1699,Tamara Torres,Female,Empl ID: 005037044 ,1
1700,Erik Hill,Male,Empl ID: 005250650 ,7
1701,Larry Barnes,Male,Empl ID: 005276687 ,1
1702,Erica Foster,Female,Empl ID: 005604013 ,3
1703,Ava Ford,Female,Empl ID: 005728762 ,7
1704,Jessica Wang,Female,Empl ID: 005749230 ,1
1705,Tuan Roberts,Male,Empl ID: 005579083 ,8
1706,Zach De La Torre,Male,Empl ID: 005197983 ,87
1707,Christina Jackson,Female,Empl ID: 005244379 ,3
1708,Michelle Herrera,Female,Empl ID: 005028374 ,8
1709,Jason Green,Male,Empl ID: 005527628 ,24
1710,Sandra Stewart,Female,Empl ID: 005311714 ,4
1711,Ravi Soto,Male,Empl ID: 005287479 ,2
1712,Thomas Liu,Male,Empl ID: 005182451 ,1
1713,Brian Hayes,Male,Empl ID: 005838046 ,14
1714,Zoe Ngo,Female,Empl ID: 005898225 ,5
1715,Aria Martin,Female,Empl ID: 005461541 ,1
1716,Kimberly Williams,Female,Empl ID: 003446559 ,7
1717,Amanda Freeman,Female,Empl ID: 005153914 ,2
1718,Neha Joshi,Female,Empl ID: 005853250 ,3
1719,Henry Park,Male,Empl ID: 005187308 ,13
1720,Claudia Thomas,Female,Empl ID: 005695669 ,1
1721,Nathan Coleman,Male,Empl ID: 005497099 ,25
1722,Emeka Marshall,Male,Empl ID: 005056338 ,1
1723,Scott Wu,Male,Empl ID: 005872456 ,2
1724,Diana James,Female,Empl ID: 005874855 ,89
1725,Huy Sanders,Male,Empl ID: 005728734 ,28
1726,Ashley Ibarra,Female,Empl ID: 005805102 ,6
1727,Olivia Sullivan,Female,Empl ID: 005329550 ,1
1728,Sofia Gonzales,Female,Empl ID: 003984703 ,3
1729,Zoe Murphy,Female,Empl ID: 005915689 ,6
1730,Tamara Sanchez,Female,Empl ID: 005541043 ,6
1731,Thu Reynolds,Female,Empl ID: 005916595 ,5
1732,Robert Rivera,Male,Empl ID: 005469642 ,5
1733,Pooja Moua,Female,Empl ID: 005653369 ,4
1734,Darius Lopez,Male,Empl ID: 003379161 ,1
1735,Mason Collins,Male,Empl ID: 005444167 ,3
1736,Khaled Gonzales,Male,Empl ID: 003866214 ,21
1737,Elijah Cervantes,Male,Empl ID: 005295994 ,1
1738,Caleb Pham,Male,Empl ID: 005369560 ,4
1739,Aria Lopez,Female,Empl ID: 003925468 ,2
1740,Sandra Flores,Female,Empl ID: 005578541 ,6
1741,Tuan De La Torre,Male,Empl ID: 005910577 ,3
1742,Vanessa Perez,Female,Empl ID: 005334627 ,47
1743,Amber Jimenez,Female,Empl ID: 005723804 ,11
1744,Omar Flores,Male,Empl ID: 005192037 ,1
1745,Nazyia Clark,Female,Empl ID: 005112029 ,15
1746,Kayla Campbell,Female,Empl ID: 005296489 ,2
1747,Diana Gutierrez,Female,Empl ID: 005657137 ,2
1748,Benjamin Woods,Male,Empl ID: 005657359 ,9
1749,Marcus Nair,Male,Empl ID: 005747210 ,3
1750,Keisha Cheng,Female,Empl ID: 005136254 ,20
1751,Paige Long,Female,Empl ID: 003774383 ,2
1752,Yolanda Simpson,Female,Empl ID: 005665169 ,2
1753,Brian Do,Male,Empl ID: 005793162 ,2
1754,Divya Lam,Female,Empl ID: 005924819 ,2
1755,Huy Ellis,Male,Empl ID: 005803155 ,27
1756,Lucia Flores,Female,Empl ID: 005200175 ,14
1757,Tariq Allen,Male,Empl ID: 005018439 ,66
1758,Gabriela Coleman,Female,Empl ID: 005124817 ,147
1759,Ravi Collins,Male,Empl ID: 005955643 ,1
1760,Latoya Allen,Female,Empl ID: 005634027 ,6
1761,Stephanie Boyd,Female,Empl ID: 005474142 ,1
1762,Hoa Jones,Female,Empl ID: 005995601 ,2
1763,Nazyia Ibarra,Female,Empl ID: 005404823 ,2
1764,Diego Campbell,Male,Empl ID: 005847383 ,1
1765,Duc Watson,Male,Empl ID: 005199799 ,1
1766,Tuan Ellis,Male,Empl ID: 005111550 ,4
1767,Edward Liu,Male,Empl ID: 005607946 ,1
1768,Denise Rao,Female,Empl ID: 005516627 ,19
1769,Ashley Perry,Female,Empl ID: 005692792 ,1
1770,Mai Ly,Female,Empl ID: 005008859 ,192
1771,Lisa Rogers,Female,Empl ID: 005859561 ,3
1772,Diana Shah,Female,Empl ID: 005802573 ,6
1773,Denise Joshi,Female,Empl ID: 005182861 ,1
1774,Minh Nguyen,Male,Empl ID: 005437592 ,65
1775,Huy Mendoza,Male,Empl ID: 005680116 ,28
1776,David Kelly,Male,Empl ID: 005707491 ,8
1777,Xiomara Avila-Chavez,Female,Empl ID: 005744644 ,1
1778,Nadia Carr,Female,Empl ID: 005855286 ,7
1779,Amir Hall,Male,Empl ID: 005955007 ,1
1780,Crystal Powell,Female,Empl ID: 005106381 ,46
1781,Leila Wallace,Female,Empl ID: 005436710 ,18
1782,Alejandra Ford,Female,Empl ID: 005546188 ,6
1783,Yolanda Ellis,Female,Empl ID: 005162156 ,1
1784,Tuan Vo,Male,Empl ID: 005542708 ,1
1785,Christina James,Female,Empl ID: 005906371 ,15
1786,Olivia Morris,Female,Empl ID: 005099524 ,32
1787,Juan Boyd,Male,Empl ID: 005363699 ,27
1788,Duc Mehta,Male,Empl ID: 005895143 ,1
1789,Arjun Vo,Male,Empl ID: 005122965 ,9
1790,Kimberly Mehta,Female,Empl ID: 005474693 ,24
1791,Omar Herrera,Male,Empl ID: 005698061 ,1
1792,Nicholas Mehta,Male,Empl ID: 005417204 ,5
1793,Jonathan Boyd,Male,Empl ID: 005503781 ,8
1794,Aisha Torres,Female,Empl ID: 005476529 ,4
1795,Rebecca Shah,Female,Empl ID: 005801008 ,1
1796,Christina Edwards,Female,Empl ID: 005899113 ,3
1797,Noah Park,Male,Empl ID: 005338018 ,3
1798,Rebecca Lee,Female,Empl ID: 005055023 ,4
1799,Nicholas Patterson,Male,Empl ID: 005945730 ,2
1800,Terrell Long,Male,Empl ID: 005007127 ,3
1801,Aaliyah Ibarra,Female,Empl ID: 005154721 ,5
1802,Huong King,Female,Empl ID: 005594074 ,10
1803,Larry Park,Male,Empl ID: 005600931 ,4
1804,Kendrick Castillo,Male,Empl ID: 005746127 ,3
1805,Ming Bailey,Male,Empl ID: 005930774 ,6
1806,Emmanuel Adams,Male,Empl ID: 005427582 ,1
1807,Maria Anderson,Female,Empl ID: 005614534 ,11
1808,Tuan Parker,Male,Empl ID: 005272200 ,5
1809,Marian Graham,Female,Empl ID: 005981685 ,6
1810,Elizabeth Ramirez,Female,Empl ID: 005574131 ,22
1811,Huy Ramirez,Male,Empl ID: 005878388 ,1
1812,Crystal Myers,Female,Empl ID: 005870720 ,1
1813,Rebecca Garcia,Female,Empl ID: 005479323 ,8
1814,Minh Mendoza,Male,Empl ID: 005153643 ,5
1815,Omar Cruz,Male,Empl ID: 005060789 ,7
1816,Elena Lam,Female,Empl ID: 005596991 ,3
1817,Chukwu Murphy,Male,Empl ID: 005610258 ,14
1818,Huong Cheng,Female,Empl ID: 005361356 ,21
1819,Aria Ellis,Female,Empl ID: 005367671 ,11
1820,Emmanuel Simpson,Male,Empl ID: 005166931 ,4
1821,Aria Collins,Female,Empl ID: 005954492 ,1
1822,Taylor Gonzales,Female,Empl ID: 005822039 ,17
1823,Kwame Desai,Male,Empl ID: 005789096 ,32
1824,Daniela Walker,Female,Empl ID: 005991993 ,14
1825,Yen Wood,Female,Empl ID: 005159864 ,2
1826,Latoya Campbell,Female,Empl ID: 005894464 ,15
1827,Samuel Castillo,Male,Empl ID: 005295038 ,19
1828,Nathan Jenkins,Male,Empl ID: 005182314 ,53
1829,Tobias Do,Male,Empl ID: 005877555 ,2
1830,Kimberly Giacovoni,Female,Empl ID: 005817051 ,4
1831,Mia Morris,Female,Empl ID: 005029773 ,16
1832,Sarah Cook,Female,Empl ID: 005608655 ,6
1833,Zoe Wallace,Female,Empl ID: 005225659 ,1
1834,Mark Dixon,Male,Empl ID: 005649698 ,10
1835,Tuan Peterson,Male,Empl ID: 003798341 ,13
1836,Kwame Truong,Male,Empl ID: 005285182 ,6
1837,Mia Vu,Female,Empl ID: 005448492 ,8
1838,Grace Martinez,Female,Empl ID: 005258786 ,4
1839,Miguel Ross,Male,Empl ID: 005203283 ,47
1840,Sean Hunter,Male,Empl ID: 005702694 ,1
1841,Marcus Collins,Male,Empl ID: 005552320 ,2
1842,Destiny Fox,Female,Empl ID: 005463794 ,6
1843,Sarah Dang,Female,Empl ID: 005343808 ,20
1844,Isaiah Sanders,Male,Empl ID: 005796716 ,1
1845,Kendrick Stone,Male,Empl ID: 005955584 ,1
1846,Yesenia Ramirez,Female,Empl ID: 005934098 ,1
1847,Terrell Brooks,Male,Empl ID: 005947850 ,6
1848,Olivia Gonzales,Female,Empl ID: 005211724 ,1
1849,Brian Walker,Male,Empl ID: 005756174 ,3
1850,Emily Kumar,Female,Empl ID: 005930496 ,14
1851,Stephanie Martin,Female,Empl ID: 005801943 ,2
1852,Carlos Cruz,Male,Empl ID: 005979222 ,8
1853,Jason Medina,Male,Empl ID: 005296859 ,4
1854,Brian Singh,Male,Empl ID: 005123700 ,15
1855,Sean Sanders,Male,Empl ID: 005702156 ,11
1856,William Smith,Male,Empl ID: 005778200 ,2
1857,Heather Rose,Female,Empl ID: 005327117 ,4
1858,Ming De La Torre,Male,Empl ID: 005858008 ,25
1859,Tamara Woods,Female,Empl ID: 005379889 ,10
1860,Faith Shah,Female,Empl ID: 005872985 ,1
1861,Arjun Moore,Male,Empl ID: 005285033 ,14
1862,Aaliyah Kumar,Female,Empl ID: 005530451 ,1
1863,Lisa Morgan,Female,Empl ID: 005160021 ,43
1864,Aaron Wilson,Male,Empl ID: 005218681 ,24
1865,Sean Patel,Male,Empl ID: 005967891 ,8
1866,Hana Graham,Female,Empl ID: 005303190 ,7
1867,Taylor Tran,Female,Empl ID: 005875336 ,4
1868,Tuan Xu,Male,Empl ID: 005321287 ,15
1869,Erica Diaz,Female,Empl ID: 005395098 ,3
1870,Kimberly Warren,Female,Empl ID: 005477611 ,8
1871,Wei Reed,Male,Empl ID: 005598149 ,19
1872,Amber Desai,Female,Empl ID: 005254073 ,2
1873,Aaron Sanders,Male,Empl ID: 005472830 ,2
1874,Victor Coleman,Male,Empl ID: 005545027 ,1
1875,Brian Hunt,Male,Empl ID: 005520313 ,1
1876,Steven Kim,Male,Empl ID: 005930837 ,1
1877,Robert Gutierrez,Male,Empl ID: 005470264 ,16
1878,Hector Webb,Male,Empl ID: 005397994 ,76
1879,Nicholas Cox,Male,Empl ID: 005365945 ,43
1880,Leila Barnes,Female,Empl ID: 005826254 ,1
1881,Alexis Reynolds,Female,Empl ID: 005825429 ,16
1882,Amir Liu,Male,Empl ID: 005205954 ,43
1883,Christopher Vega-Ruiz,Male,Empl ID: 005200168 ,3
1884,Brandon Bui,Male,Empl ID: 005358611 ,6
1885,Faith Sharma,Female,Empl ID: 005099969 ,1
1886,Emmanuel Herrera,Male,Empl ID: 005450125 ,8
1887,Aisha Nunez,Female,Empl ID: 005221032 ,1
1888,Melissa Gibson,Female,Empl ID: 005510543 ,7
